{"x":0.188562, "y":0.0974279, "z":0.292495}
