{"x":0.352436 "y":-0.368347 "z":0.187656}
