{"x":0.328322, "y":-0.233299, "z":0.194484}
