{"x":0.299906, "y":-0.05005, "z":0.199919}
