{"x":0.399966, "y":-0.149308, "z":0.249403}
