{"x":0.299855, "y":3.83921e-05, "z":0.19994}
