{"x":0.399855, "y":-0.150016, "z":0.249636}
