{"x":0.299629, "y":-0.0914088, "z":0.213515}
