{"x":0.508407, "y":0.0535091, "z":0.263393}
