{"x":0.300032, "y":-0.0501102, "z":0.199987}
