{"x":0.269023, "y":-0.0308498, "z":0.209781}
