{"x":0.299632, "y":-0.0914091, "z":0.213519}
