{"x":0.350008, "y":0.0500278, "z":0.249935}
