{"x":0.363187, "y":0.0811331, "z":0.168788}
