{"x":0.399799, "y":-0.149966, "z":0.249643}
