{"x":0.508195, "y":0.0534006, "z":0.262935}
