{"x":0.190067, "y":-0.194651, "z":0.201564}
