{"x":0.508212, "y":0.0534498, "z":0.263013}
