{"x":0.399839, "y":-0.149948, "z":0.249807}
