{"x":0.508094, "y":0.0533806, "z":0.26292}
