{"x":0.35245 "y":-0.368339 "z":0.187665}
