{"x":0.492604 "y":-0.164619 "z":0.24985}
