{"x":0.508199, "y":0.0534016, "z":0.262943}
