{"x":0.299994, "y":0.100064, "z":0.299864}
