{"x":0.299977, "y":-0.0981741, "z":0.216069}
