{"x":0.188565, "y":0.0974284, "z":0.292499}
