{"x":0.508205, "y":0.0533975, "z":0.262954}
