{"x":0.508209, "y":0.0533974, "z":0.262973}
