{"x":0.19097, "y":-0.20003, "z":0.201938}
