{"x":0.299914, "y":-0.0500523, "z":0.199927}
