{"x":0.508194, "y":0.0533979, "z":0.262932}
