{"x":0.508194, "y":0.053394, "z":0.262947}
