{"x":0.299855, "y":0.100018, "z":0.299667}
