{"x":0.508166, "y":0.0534129, "z":0.26287}
