{"x":0.508186, "y":0.0534069, "z":0.262916}
