{"x":0.399894, "y":-0.149923, "z":0.249789}
