{"x":0.352439 "y":-0.368346 "z":0.18766}
