{"x":0.47653, "y":-0.00574586, "z":0.258974}
