{"x":0.399857, "y":-0.150011, "z":0.24963}
