{"x":0.405459, "y":-0.380235, "z":0.254472}
