{"x":0.508153, "y":0.0534015, "z":0.262845}
