{"x":0.237859, "y":-0.0661546, "z":0.27089}
