{"x":0.399789, "y":-0.149963, "z":0.249623}
