{"x":0.419847, "y":-0.00673261, "z":0.245387}
