{"x":0.241293, "y":-0.122875, "z":0.325059}
