{"x":0.194886, "y":-0.182996, "z":0.205335}
