{"x":0.195058, "y":-0.182654, "z":0.205481}
