{"x":0.299857, "y":3.70265e-05, "z":0.199941}
