{"x":0.508181, "y":0.0534175, "z":0.262893}
