{"x":0.299908, "y":-0.0500502, "z":0.199919}
