{"x":0.299903, "y":-0.0500555, "z":0.199915}
