{"x":0.299857, "y":3.71008e-05, "z":0.19994}
