{"x":0.284591 "y":-0.406424 "z":0.191535}
