{"x":0.26902, "y":-0.0308498, "z":0.209777}
