{"x":0.508282, "y":0.0535636, "z":0.263205}
