{"x":0.284728, "y":0.0278066, "z":0.317827}
