{"x":0.299907, "y":-0.050057, "z":0.199919}
