{"x":0.399786, "y":-0.14996, "z":0.249618}
