{"x":0.349933, "y":0.0498171, "z":0.249846}
