{"x":0.274463, "y":-0.0251482, "z":0.212186}
