{"x":0.41664, "y":-0.175276, "z":0.103704}
