{"x":0.508096, "y":0.0533847, "z":0.262927}
