{"x":0.437953, "y":-0.103768, "z":0.254408}
