{"x":0.508103, "y":0.0534344, "z":0.262903}
