{"x":0.236135, "y":-0.0699763, "z":0.26932}
