{"x":0.492605 "y":-0.164614 "z":0.249849}
