{"x":0.237873, "y":-0.0661486, "z":0.27089}
