{"x":0.399775, "y":-0.14995, "z":0.249596}
