{"x":0.299911, "y":-0.0500551, "z":0.199923}
