{"x":0.349669, "y":0.0499591, "z":0.24968}
