{"x":0.299856, "y":0.100019, "z":0.299672}
