{"x":0.508164, "y":0.0534212, "z":0.262839}
