{"x":0.286618, "y":0.0389037, "z":0.315898}
