{"x":0.299747, "y":-1.55716e-05, "z":0.29959}
