{"x":0.341284, "y":0.0329162, "z":0.24123}
