{"x":0.300171, "y":0.0998362, "z":0.299986}
