{"x":0.299909, "y":-0.0500559, "z":0.199921}
