{"x":0.508298, "y":0.0535151, "z":0.26309}
