{"x":0.194885, "y":-0.182997, "z":0.205337}
