{"x":0.284739, "y":0.0279005, "z":0.317933}
