{"x":0.492608, "y":-0.164614, "z":0.249853}
