{"x":0.472538, "y":0.0702613, "z":0.25545}
