{"x":0.477167, "y":-0.00452255, "z":0.259008}
