{"x":0.388395, "y":-0.0125361, "z":0.399511}
