{"x":0.299747, "y":-1.59325e-05, "z":0.299591}
