{"x":0.508094, "y":0.0533791, "z":0.262922}
