{"x":0.369727, "y":-0.119922, "z":0.234784}
