{"x":0.508406, "y":0.0535049, "z":0.263391}
