{"x":0.508196, "y":0.0533998, "z":0.262937}
