{"x":0.508096, "y":0.0533825, "z":0.262925}
