{"x":0.313164, "y":-0.0239359, "z":0.213013}
