{"x":0.399855, "y":-0.149965, "z":0.249856}
