{"x":0.299904, "y":-0.0500493, "z":0.199914}
