{"x":0.388395, "y":-0.0125367, "z":0.399518}
