{"x":0.299855, "y":3.69495e-05, "z":0.199939}
