{"x":0.190967, "y":-0.200029, "z":0.201935}
