{"x":0.275856, "y":-0.00346936, "z":0.289377}
