{"x":0.195062, "y":-0.182653, "z":0.205482}
