{"x":0.399897, "y":-0.149927, "z":0.249793}
