{"x":0.299887, "y":-0.0500498, "z":0.1999}
