{"x":0.194888, "y":-0.183, "z":0.205341}
