{"x":0.241251, "y":-0.122859, "z":0.324986}
