{"x":0.299912, "y":-0.050052, "z":0.199925}
