{"x":0.195062, "y":-0.182654, "z":0.205484}
