{"x":0.415037 "y":-0.42243 "z":0.185069}
