{"x":0.299855, "y":0.100017, "z":0.299667}
