{"x":0.405448, "y":-0.380263, "z":0.254518}
