{"x":0.508093, "y":0.0533825, "z":0.262922}
