{"x":0.508205, "y":0.0533986, "z":0.262952}
