{"x":0.299631, "y":-0.0914087, "z":0.213517}
