{"x":0.486881, "y":-0.0370034, "z":0.235183}
