{"x":0.352438 "y":-0.36835 "z":0.18766}
