{"x":0.352454 "y":-0.368332 "z":0.187662}
