{"x":0.299905, "y":-0.050051, "z":0.199917}
