{"x":0.399787, "y":-0.14996, "z":0.249618}
