{"x":0.299888, "y":-0.0500469, "z":0.199899}
