{"x":0.23786, "y":-0.0661537, "z":0.27089}
