{"x":0.243979, "y":-0.0693345, "z":0.27803}
