{"x":0.508111, "y":0.053439, "z":0.262913}
