{"x":0.312589, "y":-0.101515, "z":0.159686}
