{"x":0.508022, "y":0.0534278, "z":0.262787}
