{"x":0.492604 "y":-0.164623 "z":0.249875}
