{"x":0.504543, "y":0.0535525, "z":0.262357}
