{"x":0.508104, "y":0.053433, "z":0.262904}
