{"x":0.192, "y":0.0964001, "z":0.296976}
