{"x":0.523651, "y":0.0444614, "z":0.266018}
