{"x":0.399817, "y":-0.149885, "z":0.249657}
