{"x":0.508109, "y":0.0533899, "z":0.262681}
