{"x":0.29991, "y":-0.0500506, "z":0.199922}
