{"x":0.399892, "y":-0.149924, "z":0.249787}
