{"x":0.299751, "y":0.0999461, "z":0.299747}
