{"x":0.508164, "y":0.0534202, "z":0.262839}
