{"x":0.399816, "y":-0.149885, "z":0.249656}
