{"x":0.318812, "y":0.0957349, "z":0.29677}
