{"x":0.284842, "y":0.0278876, "z":0.31803}
