{"x":0.508164, "y":0.0534221, "z":0.262842}
