{"x":0.299902, "y":-0.0500507, "z":0.199913}
