{"x":0.299861, "y":3.62319e-05, "z":0.199946}
