{"x":0.188564, "y":0.0974284, "z":0.292499}
