{"x":0.508181, "y":0.053417, "z":0.262896}
