{"x":0.492604 "y":-0.164621 "z":0.249852}
