{"x":0.299887, "y":-0.050049, "z":0.199898}
