{"x":0.237861, "y":-0.0661543, "z":0.270892}
