{"x":0.304615, "y":-0.0547584, "z":0.202196}
