{"x":0.299979, "y":-0.0981715, "z":0.216068}
