{"x":0.508187, "y":0.0533933, "z":0.262918}
