{"x":0.399693, "y":-0.149916, "z":0.2496}
