{"x":0.415041 "y":-0.422427 "z":0.185071}
