{"x":0.508194, "y":0.0533959, "z":0.262949}
