{"x":0.321429, "y":-0.26265, "z":0.223229}
