{"x":0.194885, "y":-0.182999, "z":0.205338}
