{"x":0.298667, "y":0.105402, "z":0.305511}
