{"x":0.284739, "y":0.0279015, "z":0.317934}
