{"x":0.31259, "y":-0.101515, "z":0.159688}
