{"x":0.369723, "y":-0.119924, "z":0.234781}
