{"x":0.276408 "y":-0.272731 "z":0.249228}
