{"x":0.195061, "y":-0.182652, "z":0.205482}
