{"x":0.50818, "y":0.0534664, "z":0.26291}
