{"x":0.50823, "y":0.0534616, "z":0.263131}
