{"x":0.223862 "y":-0.196377 "z":0.267114}
