{"x":0.111112 "y":-0.296786 "z":0.339673}
