{"x":0.299887, "y":-0.0500485, "z":0.199899}
