{"x":0.399791, "y":-0.149963, "z":0.249624}
