{"x":0.299913, "y":-0.0500525, "z":0.199926}
