{"x":0.299888, "y":-0.050049, "z":0.199899}
