{"x":0.284844, "y":0.0278211, "z":0.318023}
