{"x":0.275858, "y":-0.00346929, "z":0.289378}
