{"x":0.508163, "y":0.0534098, "z":0.262871}
