{"x":0.388395, "y":-0.0125346, "z":0.399513}
