{"x":0.328315, "y":-0.233296, "z":0.194477}
