{"x":0.349998, "y":0.0500249, "z":0.249923}
