{"x":0.508201, "y":0.0534013, "z":0.262948}
