{"x":0.349711, "y":0.0497295, "z":0.249602}
