{"x":0.50817, "y":0.0534169, "z":0.262887}
