{"x":0.274461, "y":-0.025147, "z":0.212184}
