{"x":0.23786, "y":-0.0661554, "z":0.270891}
