{"x":0.508169, "y":0.0534134, "z":0.262884}
