{"x":0.352441 "y":-0.368346 "z":0.187659}
