{"x":0.299906, "y":-0.0500504, "z":0.199919}
