{"x":0.188562, "y":0.0974275, "z":0.292496}
