{"x":0.382963, "y":-0.134241, "z":0.240692}
