{"x":0.399696, "y":-0.149914, "z":0.249602}
