{"x":0.352443 "y":-0.368346 "z":0.187663}
