{"x":0.299911, "y":-0.050058, "z":0.199924}
