{"x":0.291379, "y":0.100702, "z":0.309248}
