{"x":0.312596, "y":-0.10152, "z":0.159695}
