{"x":0.299733, "y":0.0999488, "z":0.299719}
