{"x":0.508406, "y":0.0535091, "z":0.263393}
