{"x":0.299856, "y":0.100018, "z":0.29967}
