{"x":0.32832, "y":-0.233296, "z":0.194481}
