{"x":0.388396, "y":-0.0125372, "z":0.399513}
