{"x":0.237859, "y":-0.0661539, "z":0.270889}
