{"x":0.305254, "y":-0.0330369, "z":0.17452}
