{"x":0.284741, "y":0.0279003, "z":0.317937}
