{"x":0.321428, "y":-0.262649, "z":0.223231}
