{"x":0.299856, "y":3.70159e-05, "z":0.19994}
