{"x":0.312589, "y":-0.101517, "z":0.159687}
