{"x":0.508186, "y":0.053395, "z":0.262917}
