{"x":0.30091, "y":0.00557349, "z":0.300566}
