{"x":0.508194, "y":0.053397, "z":0.262947}
