{"x":0.480916, "y":-0.027776, "z":0.259656}
