{"x":0.241293, "y":-0.122839, "z":0.325124}
