{"x":0.299887, "y":-0.0500488, "z":0.199898}
