{"x":0.352268 "y":-0.368372 "z":0.187575}
