{"x":0.299888, "y":-0.0500477, "z":0.1999}
