{"x":0.445311, "y":0.0673805, "z":0.27404}
