{"x":0.300146, "y":0.0998533, "z":0.299952}
