{"x":0.508182, "y":0.0533982, "z":0.262933}
