{"x":0.508185, "y":0.0534002, "z":0.262915}
