{"x":0.312594, "y":-0.101519, "z":0.159694}
