{"x":0.299833, "y":-0.0499866, "z":0.199917}
