{"x":0.386764, "y":-0.136771, "z":0.243211}
