{"x":0.29991, "y":-0.0500563, "z":0.199923}
