{"x":0.188564, "y":0.09743, "z":0.292499}
