{"x":0.508163, "y":0.053421, "z":0.262838}
