{"x":0.299632, "y":-0.0914085, "z":0.213518}
