{"x":0.508199, "y":0.0534025, "z":0.262943}
