{"x":0.399908, "y":-0.149931, "z":0.249824}
