{"x":0.508409, "y":0.0535051, "z":0.2634}
