{"x":0.399856, "y":-0.15002, "z":0.249638}
