{"x":0.298667, "y":0.105404, "z":0.305512}
