{"x":0.41665, "y":-0.175285, "z":0.103716}
