{"x":0.299912, "y":-0.0500522, "z":0.199923}
