{"x":0.416641, "y":-0.175273, "z":0.103705}
