{"x":0.508186, "y":0.0533947, "z":0.262916}
