{"x":0.275856, "y":-0.00346758, "z":0.289377}
