{"x":0.508164, "y":0.0534216, "z":0.262836}
