{"x":0.312594, "y":-0.10152, "z":0.159694}
