{"x":0.369725, "y":-0.119922, "z":0.234783}
