{"x":0.416644, "y":-0.175275, "z":0.103708}
