{"x":0.299911, "y":-0.0500562, "z":0.199923}
