{"x":0.299917, "y":-0.0500606, "z":0.199935}
