{"x":0.299628, "y":-0.0914083, "z":0.213515}
