{"x":0.508171, "y":0.0534135, "z":0.262887}
