{"x":0.416647, "y":-0.175283, "z":0.103713}
