{"x":0.299904, "y":-0.0500514, "z":0.199915}
