{"x":0.508153, "y":0.0534021, "z":0.262853}
