{"x":0.415036 "y":-0.422426 "z":0.185065}
