{"x":0.299885, "y":-0.0499438, "z":0.19986}
