{"x":0.508238, "y":0.0534563, "z":0.263138}
