{"x":0.274671, "y":-0.0252403, "z":0.212587}
