{"x":0.416642, "y":-0.175271, "z":0.103703}
