{"x":0.492598 "y":-0.164629 "z":0.249869}
