{"x":0.274464, "y":-0.0251475, "z":0.212188}
