{"x":0.508188, "y":0.0533924, "z":0.262921}
