{"x":0.299906, "y":-0.050052, "z":0.199919}
