{"x":0.352443 "y":-0.368345 "z":0.18766}
