{"x":0.299748, "y":-1.66832e-05, "z":0.299592}
