{"x":0.35376, "y":-0.103849, "z":0.226788}
