{"x":0.50808, "y":0.0535992, "z":0.26296}
