{"x":0.299906, "y":-0.0500516, "z":0.199919}
