{"x":0.399802, "y":-0.149966, "z":0.249649}
