{"x":0.508166, "y":0.0534227, "z":0.262844}
