{"x":0.400452, "y":-0.149132, "z":0.249982}
