{"x":0.349935, "y":0.0498277, "z":0.249856}
