{"x":0.188564, "y":0.0974294, "z":0.292499}
