{"x":0.508166, "y":0.0534199, "z":0.262841}
