{"x":0.312598, "y":-0.10152, "z":0.159697}
