{"x":0.352447 "y":-0.36834 "z":0.187661}
