{"x":0.508326, "y":0.0534801, "z":0.263126}
