{"x":0.411399, "y":0.123743, "z":0.13172}
