{"x":0.284741, "y":0.0278999, "z":0.317935}
