{"x":0.508184, "y":0.0534184, "z":0.262876}
