{"x":0.28474, "y":0.0278989, "z":0.317937}
