{"x":0.278342, "y":0.00275792, "z":0.290913}
