{"x":0.328318, "y":-0.233295, "z":0.194477}
