{"x":0.29986, "y":3.46757e-05, "z":0.199945}
