{"x":0.352434 "y":-0.368351 "z":0.187658}
