{"x":0.352435 "y":-0.368349 "z":0.187658}
