{"x":0.508202, "y":0.0534003, "z":0.262951}
