{"x":0.508075, "y":0.053593, "z":0.26296}
