{"x":0.365554 "y":-0.371028 "z":0.12937}
