{"x":0.329111, "y":-0.234995, "z":0.200646}
