{"x":0.299888, "y":-0.0500479, "z":0.199901}
