{"x":0.508201, "y":0.053398, "z":0.262944}
