{"x":0.399854, "y":-0.150018, "z":0.249633}
