{"x":0.29991, "y":-0.0500499, "z":0.199922}
