{"x":0.496227, "y":0.011557, "z":0.261627}
