{"x":0.508188, "y":0.0534234, "z":0.262881}
