{"x":0.195059, "y":-0.182654, "z":0.205482}
