{"x":0.284737, "y":0.0278948, "z":0.317928}
