{"x":0.299854, "y":0.100019, "z":0.299667}
