{"x":0.284739, "y":0.0278993, "z":0.317933}
