{"x":0.416639, "y":-0.175275, "z":0.103703}
