{"x":0.507988, "y":0.0536205, "z":0.262832}
