{"x":0.299904, "y":-0.0500568, "z":0.199918}
