{"x":0.352434 "y":-0.368353 "z":0.18766}
