{"x":0.508165, "y":0.0534258, "z":0.262843}
