{"x":0.310484, "y":-0.108359, "z":0.154223}
