{"x":0.23786, "y":-0.0661546, "z":0.270891}
