{"x":0.299749, "y":-1.79431e-05, "z":0.299592}
