{"x":0.29982, "y":0.00127309, "z":0.299682}
