{"x":0.508202, "y":0.0534022, "z":0.262947}
