{"x":0.352442 "y":-0.368349 "z":0.187663}
