{"x":0.299902, "y":-0.0500529, "z":0.199914}
