{"x":0.270215, "y":-0.0174096, "z":0.285312}
