{"x":0.29989, "y":-0.0500489, "z":0.199902}
