{"x":0.29991, "y":-0.050054, "z":0.199922}
