{"x":0.41504 "y":-0.422426 "z":0.185067}
