{"x":0.241254, "y":-0.122857, "z":0.324987}
