{"x":0.352442 "y":-0.368347 "z":0.187659}
