{"x":0.188566, "y":0.0974292, "z":0.2925}
