{"x":0.188563, "y":0.0974281, "z":0.292497}
