{"x":0.508406, "y":0.0535079, "z":0.263392}
