{"x":0.190966, "y":-0.200032, "z":0.201937}
