{"x":0.333471, "y":0.097261, "z":0.304035}
