{"x":0.188772, "y":-0.212797, "z":0.200179}
