{"x":0.188563, "y":0.0974274, "z":0.292496}
