{"x":0.508094, "y":0.0533822, "z":0.262921}
