{"x":0.299862, "y":3.48615e-05, "z":0.199947}
