{"x":0.508184, "y":0.0534053, "z":0.262915}
