{"x":0.27641 "y":-0.272732 "z":0.249231}
