{"x":0.508105, "y":0.0534347, "z":0.262905}
