{"x":0.299875, "y":-0.0499857, "z":0.299903}
