{"x":0.275859, "y":-0.00347047, "z":0.289382}
