{"x":0.241253, "y":-0.122857, "z":0.324985}
