{"x":0.492603 "y":-0.164619 "z":0.249849}
