{"x":0.508239, "y":0.0534102, "z":0.263041}
