{"x":0.299748, "y":-1.689e-05, "z":0.299592}
