{"x":0.38296, "y":-0.134253, "z":0.240693}
