{"x":0.299857, "y":3.74338e-05, "z":0.199942}
