{"x":0.299903, "y":-0.050054, "z":0.199914}
