{"x":0.352437 "y":-0.368352 "z":0.18766}
