{"x":0.299912, "y":-0.0500517, "z":0.199924}
