{"x":0.508218, "y":0.0534557, "z":0.263007}
