{"x":0.449233 "y":-0.250814 "z":0.206425}
