{"x":0.386064, "y":-0.136114, "z":0.242863}
