{"x":0.492604, "y":-0.164615, "z":0.249849}
