{"x":0.299907, "y":-0.0500496, "z":0.199919}
