{"x":0.312592, "y":-0.101517, "z":0.159689}
