{"x":0.299966, "y":-0.0499609, "z":0.199998}
