{"x":0.492608 "y":-0.164615 "z":0.249854}
