{"x":0.23786, "y":-0.0661542, "z":0.27089}
