{"x":0.188562, "y":0.097429, "z":0.292496}
