{"x":0.508163, "y":0.0534139, "z":0.26287}
