{"x":0.349666, "y":0.0499505, "z":0.249664}
