{"x":0.299872, "y":-0.0499453, "z":0.199931}
