{"x":0.317137, "y":-0.0157105, "z":0.217054}
