{"x":0.508171, "y":0.0534123, "z":0.262886}
