{"x":0.399692, "y":-0.149912, "z":0.249596}
