{"x":0.275859, "y":-0.00346877, "z":0.289381}
