{"x":0.299628, "y":-0.0914076, "z":0.213515}
