{"x":0.449233 "y":-0.250812 "z":0.206426}
