{"x":0.508172, "y":0.0534152, "z":0.262888}
