{"x":0.508186, "y":0.0533992, "z":0.262917}
