{"x":0.508165, "y":0.0534195, "z":0.262839}
