{"x":0.299911, "y":-0.0500548, "z":0.199925}
