{"x":0.388393, "y":-0.0125382, "z":0.399508}
