{"x":0.2748, "y":-0.025281, "z":0.212759}
