{"x":0.399853, "y":-0.150018, "z":0.249633}
