{"x":0.241251, "y":-0.12286, "z":0.324985}
