{"x":0.188566, "y":0.0974289, "z":0.292501}
