{"x":0.352451 "y":-0.368341 "z":0.187663}
