{"x":0.299868, "y":-0.0499457, "z":0.199917}
