{"x":0.399854, "y":-0.150019, "z":0.249635}
