{"x":0.32832, "y":-0.233297, "z":0.19448}
