{"x":0.399894, "y":-0.149924, "z":0.249788}
