{"x":0.274468, "y":-0.0251502, "z":0.212191}
