{"x":0.399799, "y":-0.149968, "z":0.249645}
