{"x":0.301354, "y":-0.0476914, "z":0.201259}
