{"x":0.321191, "y":-0.0712593, "z":0.210527}
