{"x":0.29991, "y":-0.0500532, "z":0.199922}
