{"x":0.3998, "y":-0.149967, "z":0.249645}
