{"x":0.508096, "y":0.0533806, "z":0.262926}
