{"x":0.508204, "y":0.053402, "z":0.262952}
