{"x":0.349671, "y":0.0499569, "z":0.249683}
