{"x":0.388395, "y":-0.0125358, "z":0.399516}
