{"x":0.508169, "y":0.053409, "z":0.262885}
