{"x":0.508162, "y":0.0534203, "z":0.262835}
