{"x":0.29975, "y":-1.54394e-05, "z":0.299596}
