{"x":0.508204, "y":0.0533925, "z":0.262951}
