{"x":0.508206, "y":0.0533973, "z":0.262954}
