{"x":0.275857, "y":-0.00347085, "z":0.289379}
