{"x":0.190024, "y":-0.194643, "z":0.201533}
