{"x":0.508165, "y":0.0534194, "z":0.262844}
