{"x":0.50817, "y":0.053417, "z":0.262886}
