{"x":0.299858, "y":3.72063e-05, "z":0.199942}
