{"x":0.508406, "y":0.0535104, "z":0.26339}
