{"x":0.299827, "y":-0.013532, "z":0.299826}
