{"x":0.388396, "y":-0.0125379, "z":0.399515}
