{"x":0.34816, "y":0.0514578, "z":0.251314}
