{"x":0.241252, "y":-0.12286, "z":0.324985}
