{"x":0.508197, "y":0.0533998, "z":0.262938}
