{"x":0.190025, "y":-0.194643, "z":0.201534}
