{"x":0.276407 "y":-0.272731 "z":0.24923}
