{"x":0.449219 "y":-0.250816 "z":0.206418}
