{"x":0.39981, "y":-0.14997, "z":0.249654}
