{"x":0.508203, "y":0.0533982, "z":0.262953}
