{"x":0.41664, "y":-0.175278, "z":0.103705}
