{"x":0.237317 "y":-0.18457 "z":0.239969}
