{"x":0.188564, "y":0.0974293, "z":0.292499}
