{"x":0.49919, "y":0.0205138, "z":0.262028}
