{"x":0.299874, "y":-0.0499486, "z":0.199921}
