{"x":0.399801, "y":-0.149968, "z":0.249645}
