{"x":0.416643, "y":-0.175275, "z":0.103705}
