{"x":0.299912, "y":-0.050054, "z":0.199926}
