{"x":0.188566, "y":0.0974294, "z":0.292503}
