{"x":0.300009, "y":0.099981, "z":0.299943}
