{"x":0.508198, "y":0.0533972, "z":0.262942}
