{"x":0.352448 "y":-0.368341 "z":0.187662}
