{"x":0.436577, "y":0.0694231, "z":0.275577}
