{"x":0.415038 "y":-0.422432 "z":0.185071}
