{"x":0.223867 "y":-0.196377 "z":0.267119}
