{"x":0.300157, "y":0.0998417, "z":0.299972}
