{"x":0.194881, "y":-0.182997, "z":0.205334}
