{"x":0.508209, "y":0.0534632, "z":0.263013}
