{"x":0.406028, "y":0.0522593, "z":0.262737}
