{"x":0.299905, "y":-0.0500514, "z":0.199917}
