{"x":0.508097, "y":0.0533824, "z":0.262925}
