{"x":0.352445 "y":-0.368343 "z":0.18766}
