{"x":0.492604, "y":-0.164616, "z":0.249849}
