{"x":0.508095, "y":0.053383, "z":0.262921}
