{"x":0.299905, "y":-0.0500508, "z":0.199915}
