{"x":0.388394, "y":-0.0125387, "z":0.399514}
