{"x":0.357938 "y":-0.173148 "z":0.254113}
