{"x":0.299748, "y":-1.64303e-05, "z":0.299592}
