{"x":0.188562, "y":0.0974293, "z":0.292496}
