{"x":0.349652, "y":0.0499592, "z":0.249654}
