{"x":0.371396, "y":-0.163857, "z":0.209339}
