{"x":0.299889, "y":-0.050048, "z":0.1999}
