{"x":0.508196, "y":0.0534006, "z":0.262934}
