{"x":0.508185, "y":0.0533989, "z":0.262915}
