{"x":0.508185, "y":0.0535958, "z":0.263006}
