{"x":0.399787, "y":-0.149963, "z":0.249619}
