{"x":0.373216, "y":-0.123401, "z":0.236405}
