{"x":0.422685, "y":-0.124069, "z":0.252508}
