{"x":0.508074, "y":0.0535538, "z":0.262893}
