{"x":0.415039 "y":-0.422426 "z":0.185066}
