{"x":0.508105, "y":0.0534292, "z":0.262908}
