{"x":0.5082, "y":0.0533986, "z":0.262941}
