{"x":0.352441 "y":-0.368351 "z":0.187663}
