{"x":0.41664, "y":-0.175274, "z":0.103703}
