{"x":0.190991, "y":-0.20005, "z":0.201966}
