{"x":0.29988, "y":1.99786e-06, "z":0.299903}
