{"x":0.52365, "y":0.0444444, "z":0.266007}
