{"x":0.299906, "y":-0.0500495, "z":0.199917}
