{"x":0.299911, "y":0.0999714, "z":0.299849}
