{"x":0.382816, "y":-0.134004, "z":0.240846}
