{"x":0.299856, "y":3.69289e-05, "z":0.199941}
