{"x":0.360307, "y":0.100834, "z":0.237142}
