{"x":0.352444 "y":-0.368345 "z":0.187664}
