{"x":0.508103, "y":0.0534331, "z":0.262904}
