{"x":0.508108, "y":0.0534365, "z":0.262911}
