{"x":0.188668, "y":-0.212584, "z":0.199981}
