{"x":0.352445 "y":-0.36834 "z":0.187658}
