{"x":0.508221, "y":0.0534662, "z":0.263033}
