{"x":0.508093, "y":0.0533836, "z":0.26292}
