{"x":0.299855, "y":0.100016, "z":0.299669}
