{"x":0.188565, "y":0.0974295, "z":0.2925}
