{"x":0.492603 "y":-0.164622 "z":0.24985}
