{"x":0.508194, "y":0.0533956, "z":0.262948}
