{"x":0.400163, "y":-0.149084, "z":0.24944}
