{"x":0.303137, "y":0.0968486, "z":0.296702}
