{"x":0.508056, "y":0.0535986, "z":0.262928}
