{"x":0.223863 "y":-0.196377 "z":0.267116}
