{"x":0.309674, "y":0.090309, "z":0.290313}
