{"x":0.508203, "y":0.0534017, "z":0.262956}
