{"x":0.491664, "y":0.0536621, "z":0.265116}
