{"x":0.415038 "y":-0.422427 "z":0.18507}
