{"x":0.399797, "y":-0.149965, "z":0.24964}
