{"x":0.223865 "y":-0.196376 "z":0.267118}
