{"x":0.399784, "y":-0.149964, "z":0.249616}
