{"x":0.316336, "y":-0.0175333, "z":0.216214}
