{"x":0.223866 "y":-0.196378 "z":0.267118}
