{"x":0.508899, "y":0.05581, "z":0.267678}
