{"x":0.29989, "y":-0.0500481, "z":0.199901}
