{"x":0.299747, "y":-1.65785e-05, "z":0.299592}
