{"x":0.34943, "y":0.0496044, "z":0.249494}
