{"x":0.299902, "y":-0.050055, "z":0.199913}
