{"x":0.416641, "y":-0.175275, "z":0.103705}
