{"x":0.323435, "y":-0.0382186, "z":0.207044}
