{"x":0.508185, "y":0.0533987, "z":0.262917}
