{"x":0.399795, "y":-0.149973, "z":0.249635}
