{"x":0.508185, "y":0.053396, "z":0.262913}
