{"x":0.274464, "y":-0.0251508, "z":0.212187}
