{"x":0.352451 "y":-0.368338 "z":0.187664}
