{"x":0.28474, "y":0.027901, "z":0.317935}
