{"x":0.352434 "y":-0.368357 "z":0.187669}
