{"x":0.317551, "y":-0.0652223, "z":0.182066}
