{"x":0.299901, "y":-0.0500511, "z":0.199912}
