{"x":0.415038 "y":-0.422428 "z":0.185069}
