{"x":0.41504 "y":-0.422429 "z":0.185072}
