{"x":0.508195, "y":0.0533936, "z":0.262949}
