{"x":0.352451 "y":-0.368342 "z":0.187667}
