{"x":0.508199, "y":0.0533988, "z":0.262942}
