{"x":0.415033 "y":-0.422429 "z":0.185066}
