{"x":0.352435 "y":-0.368352 "z":0.18766}
