{"x":0.508198, "y":0.0534028, "z":0.262939}
