{"x":0.300909, "y":0.00557445, "z":0.300566}
