{"x":0.352453 "y":-0.368339 "z":0.187666}
