{"x":0.508172, "y":0.0534749, "z":0.262921}
