{"x":0.300005, "y":0.100034, "z":0.299915}
