{"x":0.299866, "y":-0.049944, "z":0.199913}
