{"x":0.328319, "y":-0.233294, "z":0.19448}
