{"x":0.5082, "y":0.0536057, "z":0.263034}
