{"x":0.349991, "y":0.0500361, "z":0.249894}
