{"x":0.299861, "y":3.51755e-05, "z":0.199946}
