{"x":0.111107 "y":-0.29679 "z":0.339672}
