{"x":0.523651, "y":0.0444416, "z":0.266008}
