{"x":0.35245 "y":-0.36834 "z":0.187663}
