{"x":0.299902, "y":-0.050053, "z":0.199913}
