{"x":0.508221, "y":0.0534663, "z":0.263033}
