{"x":0.219557 "y":-0.233912 "z":0.359332}
