{"x":0.300128, "y":0.0998739, "z":0.299977}
