{"x":0.50817, "y":0.0534153, "z":0.262885}
