{"x":0.523652, "y":0.0444461, "z":0.266011}
