{"x":0.508103, "y":0.0534338, "z":0.2629}
