{"x":0.195059, "y":-0.182653, "z":0.205481}
