{"x":0.192603, "y":-0.192558, "z":0.203475}
