{"x":0.29999, "y":0.100071, "z":0.299884}
