{"x":0.299918, "y":-0.0500608, "z":0.199936}
