{"x":0.30002, "y":0.0999795, "z":0.299945}
