{"x":0.447303, "y":0.00901976, "z":0.252348}
