{"x":0.300911, "y":0.00557343, "z":0.300568}
