{"x":0.274462, "y":-0.0251479, "z":0.212184}
