{"x":0.508107, "y":0.0534363, "z":0.262906}
