{"x":0.508171, "y":0.0534148, "z":0.262887}
