{"x":0.329111, "y":-0.234992, "z":0.200645}
