{"x":0.508162, "y":0.0534125, "z":0.262865}
