{"x":0.299908, "y":-0.0500563, "z":0.199922}
