{"x":0.508165, "y":0.0534112, "z":0.262871}
