{"x":0.352438 "y":-0.368353 "z":0.187661}
