{"x":0.29988, "y":1.98193e-06, "z":0.299901}
