{"x":0.415035 "y":-0.422434 "z":0.185072}
