{"x":0.408547, "y":0.085615, "z":0.299995}
