{"x":0.492606, "y":-0.164615, "z":0.249852}
