{"x":0.275857, "y":-0.00346946, "z":0.289378}
