{"x":0.508093, "y":0.0533818, "z":0.262921}
