{"x":0.299747, "y":-1.52674e-05, "z":0.299591}
