{"x":0.494936, "y":0.0427022, "z":0.261314}
