{"x":0.318781, "y":0.0811112, "z":0.281152}
