{"x":0.508195, "y":0.0533938, "z":0.262947}
