{"x":0.508185, "y":0.0534042, "z":0.262917}
