{"x":0.349667, "y":0.049956, "z":0.249671}
