{"x":0.508197, "y":0.0533988, "z":0.262937}
