{"x":0.523654, "y":0.0444449, "z":0.266013}
