{"x":0.299785, "y":-0.0499594, "z":0.199822}
