{"x":0.300448, "y":0.0146932, "z":0.306152}
