{"x":0.194882, "y":-0.182995, "z":0.205332}
