{"x":0.382827, "y":-0.13398, "z":0.240847}
