{"x":0.237861, "y":-0.066154, "z":0.270892}
