{"x":0.382824, "y":-0.133988, "z":0.240846}
