{"x":0.508104, "y":0.0534319, "z":0.262905}
