{"x":0.352441 "y":-0.368347 "z":0.187659}
