{"x":0.349753, "y":0.0500271, "z":0.249795}
