{"x":0.416643, "y":-0.175276, "z":0.103706}
