{"x":0.195061, "y":-0.182655, "z":0.205484}
