{"x":0.371866 "y":-0.405975 "z":0.279185}
