{"x":0.188566, "y":0.0974296, "z":0.292502}
