{"x":0.349648, "y":0.0499581, "z":0.24965}
