{"x":0.352443 "y":-0.368344 "z":0.187663}
