{"x":0.29989, "y":-0.0500492, "z":0.199902}
