{"x":0.508191, "y":0.0535977, "z":0.263016}
