{"x":0.299908, "y":-0.050051, "z":0.19992}
