{"x":0.508151, "y":0.0534085, "z":0.262853}
