{"x":0.300911, "y":0.00557179, "z":0.30057}
