{"x":0.508196, "y":0.0533997, "z":0.262936}
