{"x":0.299859, "y":1.59424e-05, "z":0.199945}
