{"x":0.117849 "y":-0.283423 "z":0.225386}
