{"x":0.415034 "y":-0.422428 "z":0.185068}
