{"x":0.486899, "y":0.058088, "z":0.266552}
