{"x":0.508108, "y":0.0533768, "z":0.262676}
