{"x":0.508156, "y":0.0536256, "z":0.262928}
