{"x":0.382816, "y":-0.134006, "z":0.240848}
