{"x":0.302863, "y":-0.108458, "z":0.419229}
