{"x":0.317474, "y":0.0959731, "z":0.29697}
