{"x":0.345275, "y":0.0457366, "z":0.247519}
