{"x":0.284722, "y":0.0278276, "z":0.317809}
