{"x":0.190068, "y":-0.194652, "z":0.201565}
