{"x":0.284747, "y":0.0278049, "z":0.317853}
