{"x":0.508195, "y":0.0534016, "z":0.262933}
