{"x":0.508185, "y":0.0534123, "z":0.262857}
