{"x":0.382817, "y":-0.134005, "z":0.240846}
