{"x":0.284751, "y":0.0278994, "z":0.317954}
