{"x":0.405351, "y":-0.380189, "z":0.254315}
