{"x":0.300107, "y":0.0998777, "z":0.299955}
