{"x":0.299913, "y":-0.0500526, "z":0.199925}
