{"x":0.508154, "y":0.0534103, "z":0.262856}
