{"x":0.299748, "y":-1.5671e-05, "z":0.299594}
