{"x":0.300081, "y":-0.0501111, "z":0.200035}
