{"x":0.299752, "y":0.04998, "z":0.299776}
