{"x":0.328319, "y":-0.233299, "z":0.194482}
