{"x":0.299907, "y":-0.0500508, "z":0.19992}
