{"x":0.492607, "y":-0.164614, "z":0.249852}
