{"x":0.352439 "y":-0.368347 "z":0.187658}
