{"x":0.508199, "y":0.0533974, "z":0.26294}
