{"x":0.299858, "y":3.64149e-05, "z":0.199942}
