{"x":0.111107 "y":-0.296789 "z":0.339673}
