{"x":0.39979, "y":-0.149962, "z":0.249622}
