{"x":0.299927, "y":0.0999561, "z":0.299902}
