{"x":0.284841, "y":0.0278863, "z":0.318028}
