{"x":0.508205, "y":0.0533954, "z":0.262951}
