{"x":0.352452 "y":-0.368339 "z":0.187667}
