{"x":0.503864, "y":0.0365472, "z":0.262558}
