{"x":0.388396, "y":-0.0125348, "z":0.399518}
