{"x":0.508161, "y":0.0534123, "z":0.262867}
