{"x":0.508196, "y":0.0533889, "z":0.262936}
