{"x":0.190965, "y":-0.200028, "z":0.201933}
