{"x":0.508165, "y":0.053418, "z":0.262839}
