{"x":0.27585, "y":0.12152, "z":0.139511}
