{"x":0.508164, "y":0.05341, "z":0.26287}
