{"x":0.388394, "y":-0.0125395, "z":0.399513}
