{"x":0.523657, "y":0.0444855, "z":0.266005}
