{"x":0.508165, "y":0.0534196, "z":0.26284}
