{"x":0.299875, "y":-0.049948, "z":0.199922}
