{"x":0.508164, "y":0.0534299, "z":0.262842}
