{"x":0.340196, "y":0.0965322, "z":0.304468}
