{"x":0.329107, "y":-0.234997, "z":0.200646}
