{"x":0.400602, "y":-0.149001, "z":0.249754}
