{"x":0.29986, "y":3.35568e-05, "z":0.199945}
