{"x":0.328319, "y":-0.233298, "z":0.194481}
