{"x":0.291378, "y":0.100702, "z":0.309247}
