{"x":0.299921, "y":-0.0500315, "z":0.199949}
