{"x":0.300114, "y":0.099902, "z":0.299895}
