{"x":0.388395, "y":-0.0125377, "z":0.399517}
