{"x":0.508181, "y":0.0534158, "z":0.262896}
