{"x":0.111112 "y":-0.296788 "z":0.339673}
