{"x":0.285796, "y":0.0223551, "z":0.312006}
