{"x":0.30885, "y":0.0978909, "z":0.298472}
