{"x":0.276409 "y":-0.272732 "z":0.24923}
