{"x":0.352453 "y":-0.368338 "z":0.187665}
