{"x":0.369725, "y":-0.119924, "z":0.234784}
