{"x":0.508103, "y":0.0534336, "z":0.262923}
