{"x":0.299885, "y":-0.0500491, "z":0.199898}
