{"x":0.499876, "y":0.0227473, "z":0.262101}
