{"x":0.50824, "y":0.0534565, "z":0.263142}
