{"x":0.352437 "y":-0.36835 "z":0.187654}
