{"x":0.188773, "y":-0.212799, "z":0.200182}
