{"x":0.269022, "y":-0.0308486, "z":0.20978}
