{"x":0.299748, "y":-1.75312e-05, "z":0.299593}
