{"x":0.399799, "y":-0.149969, "z":0.249646}
