{"x":0.299859, "y":3.85922e-05, "z":0.199943}
