{"x":0.508073, "y":0.0535523, "z":0.262891}
