{"x":0.299855, "y":3.75137e-05, "z":0.19994}
