{"x":0.299903, "y":-0.0500498, "z":0.199913}
