{"x":0.415041 "y":-0.422428 "z":0.185072}
