{"x":0.508189, "y":0.0534415, "z":0.262936}
