{"x":0.508181, "y":0.053414, "z":0.262893}
