{"x":0.508189, "y":0.0533938, "z":0.262922}
