{"x":0.352448 "y":-0.368336 "z":0.187659}
