{"x":0.299902, "y":-0.0500521, "z":0.199914}
