{"x":0.508205, "y":0.0533957, "z":0.262968}
