{"x":0.508188, "y":0.0533877, "z":0.262924}
