{"x":0.299855, "y":3.73899e-05, "z":0.19994}
