{"x":0.508163, "y":0.0534144, "z":0.262868}
