{"x":0.508406, "y":0.0535082, "z":0.263393}
