{"x":0.508163, "y":0.0534181, "z":0.262836}
