{"x":0.299862, "y":0.0999634, "z":0.299882}
