{"x":0.35244 "y":-0.368349 "z":0.187659}
