{"x":0.188569, "y":0.0974298, "z":0.292506}
