{"x":0.492595 "y":-0.164647 "z":0.249885}
