{"x":0.399785, "y":-0.149959, "z":0.249618}
