{"x":0.32216, "y":0.0776726, "z":0.277611}
