{"x":0.508197, "y":0.0533986, "z":0.262937}
