{"x":0.352442 "y":-0.368348 "z":0.187661}
