{"x":0.29963, "y":-0.0914092, "z":0.213517}
