{"x":0.328318, "y":-0.233298, "z":0.19448}
