{"x":0.420241, "y":-0.00500584, "z":0.161461}
