{"x":0.388395, "y":-0.0125402, "z":0.399508}
