{"x":0.508094, "y":0.0533832, "z":0.262924}
