{"x":0.299908, "y":-0.050054, "z":0.199921}
