{"x":0.188568, "y":0.0974293, "z":0.292502}
