{"x":0.508164, "y":0.0534198, "z":0.262838}
