{"x":0.299887, "y":-0.0500496, "z":0.199899}
