{"x":0.360364 "y":-0.381702 "z":0.193035}
