{"x":0.195062, "y":-0.182652, "z":0.205482}
