{"x":0.381021, "y":0.0817507, "z":0.285513}
