{"x":0.508203, "y":0.0534002, "z":0.262951}
