{"x":0.508177, "y":0.0533852, "z":0.262865}
