{"x":0.299904, "y":-0.0500533, "z":0.199915}
