{"x":0.299907, "y":-0.0500563, "z":0.199919}
