{"x":0.299856, "y":0.100016, "z":0.299671}
