{"x":0.508095, "y":0.0533815, "z":0.262922}
