{"x":0.190068, "y":-0.194653, "z":0.201567}
