{"x":0.340166, "y":-0.0398524, "z":0.217837}
