{"x":0.299906, "y":-0.0500515, "z":0.199918}
