{"x":0.32143, "y":-0.262647, "z":0.223229}
