{"x":0.50818, "y":0.0534169, "z":0.262894}
