{"x":0.299857, "y":0.100018, "z":0.299672}
