{"x":0.382703, "y":-0.132722, "z":0.24123}
