{"x":0.406469, "y":-0.137813, "z":0.250716}
