{"x":0.279043, "y":-0.105504, "z":0.322557}
