{"x":0.278344, "y":0.00275978, "z":0.290916}
