{"x":0.492604, "y":-0.164612, "z":0.249848}
