{"x":0.399798, "y":-0.149965, "z":0.249642}
