{"x":0.492605 "y":-0.164613 "z":0.249873}
