{"x":0.299858, "y":3.59973e-05, "z":0.199942}
