{"x":0.399803, "y":-0.149966, "z":0.249647}
