{"x":0.321427, "y":-0.262651, "z":0.223231}
