{"x":0.321428, "y":-0.262647, "z":0.223228}
