{"x":0.299856, "y":3.71115e-05, "z":0.19994}
