{"x":0.352441 "y":-0.368342 "z":0.187655}
