{"x":0.508292, "y":0.0534308, "z":0.263168}
