{"x":0.275856, "y":-0.0034705, "z":0.289377}
