{"x":0.352448 "y":-0.36834 "z":0.187662}
