{"x":0.428144, "y":0.0712202, "z":0.27714}
