{"x":0.435352, "y":-0.107528, "z":0.25406}
