{"x":0.3824, "y":0.0514499, "z":0.258485}
