{"x":0.29986, "y":3.36078e-05, "z":0.199945}
