{"x":0.299873, "y":3.06956e-05, "z":0.199955}
