{"x":0.400374, "y":0.122158, "z":0.115444}
