{"x":0.188832, "y":-0.212711, "z":0.200165}
