{"x":0.223863 "y":-0.196378 "z":0.267117}
