{"x":0.383999, "y":-0.134079, "z":0.241846}
