{"x":0.236131, "y":-0.0699711, "z":0.269309}
