{"x":0.298668, "y":0.105404, "z":0.305512}
