{"x":0.117845 "y":-0.283423 "z":0.225385}
