{"x":0.328316, "y":-0.233293, "z":0.194476}
