{"x":0.195058, "y":-0.182653, "z":0.20548}
