{"x":0.399694, "y":-0.149915, "z":0.249601}
