{"x":0.508223, "y":0.0534044, "z":0.263008}
