{"x":0.352438 "y":-0.368347 "z":0.187659}
