{"x":0.508155, "y":0.0534102, "z":0.262859}
