{"x":0.508204, "y":0.0534006, "z":0.262952}
