{"x":0.349864, "y":0.049814, "z":0.249786}
