{"x":0.349666, "y":0.0499498, "z":0.249663}
