{"x":0.508213, "y":0.0534474, "z":0.26302}
