{"x":0.388395, "y":-0.0125162, "z":0.399503}
