{"x":0.299856, "y":3.87366e-05, "z":0.199941}
