{"x":0.399694, "y":-0.149912, "z":0.249602}
