{"x":0.50825, "y":0.0534666, "z":0.2631}
