{"x":0.513547, "y":0.0358123, "z":0.248156}
