{"x":0.299859, "y":3.52336e-05, "z":0.199944}
