{"x":0.388395, "y":-0.0125354, "z":0.399518}
