{"x":0.18857, "y":0.097431, "z":0.292507}
