{"x":0.415036 "y":-0.422428 "z":0.18507}
