{"x":0.449226 "y":-0.250796 "z":0.206415}
