{"x":0.508153, "y":0.0534024, "z":0.262852}
