{"x":0.241252, "y":-0.122859, "z":0.324985}
