{"x":0.508158, "y":0.0536257, "z":0.262929}
