{"x":0.508165, "y":0.0534168, "z":0.26284}
