{"x":0.32143, "y":-0.262649, "z":0.22323}
