{"x":0.508164, "y":0.0534114, "z":0.262867}
