{"x":0.508208, "y":0.0535548, "z":0.263171}
