{"x":0.299905, "y":-0.0500544, "z":0.199915}
