{"x":0.352436 "y":-0.368352 "z":0.187661}
