{"x":0.508198, "y":0.0534035, "z":0.262941}
