{"x":0.352438 "y":-0.368346 "z":0.187658}
