{"x":0.188563, "y":0.0974284, "z":0.292495}
