{"x":0.492604 "y":-0.16462 "z":0.249873}
