{"x":0.321426, "y":-0.262645, "z":0.223224}
