{"x":0.29975, "y":-1.5631e-05, "z":0.299592}
