{"x":0.29975, "y":-1.65761e-05, "z":0.299595}
