{"x":0.492602 "y":-0.16462 "z":0.249872}
