{"x":0.299748, "y":-1.69231e-05, "z":0.299591}
