{"x":0.50817, "y":0.0534166, "z":0.262884}
