{"x":0.369726, "y":-0.119924, "z":0.234785}
