{"x":0.190992, "y":-0.200052, "z":0.201968}
