{"x":0.382962, "y":-0.134243, "z":0.240692}
