{"x":0.284741, "y":0.0278994, "z":0.317936}
