{"x":0.50818, "y":0.0534172, "z":0.262894}
