{"x":0.188565, "y":0.0974293, "z":0.292501}
