{"x":0.188565, "y":0.0974288, "z":0.292499}
