{"x":0.508106, "y":0.053389, "z":0.262676}
