{"x":0.305077, "y":0.0108035, "z":0.24677}
