{"x":0.50817, "y":0.0534131, "z":0.262883}
