{"x":0.321428, "y":-0.262646, "z":0.223225}
