{"x":0.350001, "y":0.0500233, "z":0.249946}
