{"x":0.352442 "y":-0.368342 "z":0.18766}
