{"x":0.283675, "y":-0.0309521, "z":0.285244}
