{"x":0.299916, "y":-0.0500603, "z":0.199935}
