{"x":0.508164, "y":0.0534099, "z":0.26287}
