{"x":0.508162, "y":0.0534189, "z":0.262836}
