{"x":0.490904, "y":-0.00352171, "z":0.261022}
