{"x":0.39969, "y":-0.149916, "z":0.249597}
