{"x":0.328316, "y":-0.233295, "z":0.194479}
