{"x":0.508199, "y":0.0533997, "z":0.262942}
