{"x":0.399959, "y":-0.14995, "z":0.2499}
