{"x":0.508198, "y":0.0534016, "z":0.262939}
