{"x":0.299912, "y":-0.0500534, "z":0.199925}
