{"x":0.352442 "y":-0.368345 "z":0.187663}
