{"x":0.188564, "y":0.0974278, "z":0.292496}
