{"x":0.22301, "y":0.0740184, "z":0.126132}
