{"x":0.349667, "y":0.0499504, "z":0.249664}
