{"x":0.349724, "y":0.050023, "z":0.249765}
