{"x":0.223864 "y":-0.196376 "z":0.267116}
