{"x":0.300165, "y":0.0998356, "z":0.299981}
