{"x":0.299904, "y":-0.0500506, "z":0.199915}
