{"x":0.508104, "y":0.053436, "z":0.262907}
