{"x":0.311625, "y":-0.0300342, "z":0.326472}
