{"x":0.399859, "y":-0.149995, "z":0.2497}
