{"x":0.508094, "y":0.053381, "z":0.262923}
