{"x":0.481622, "y":0.0529432, "z":0.260653}
