{"x":0.508103, "y":0.0534315, "z":0.262903}
