{"x":0.188564, "y":0.0974306, "z":0.2925}
