{"x":0.388394, "y":-0.0125289, "z":0.399512}
