{"x":0.508109, "y":0.0534378, "z":0.262912}
