{"x":0.52363, "y":0.0444429, "z":0.265996}
