{"x":0.241252, "y":-0.122858, "z":0.324986}
