{"x":0.5082, "y":0.053403, "z":0.262944}
