{"x":0.508205, "y":0.0533987, "z":0.262953}
