{"x":0.508196, "y":0.0536049, "z":0.263026}
