{"x":0.274047, "y":0.00613966, "z":0.307303}
