{"x":0.405308, "y":-0.380171, "z":0.254256}
