{"x":0.508188, "y":0.053392, "z":0.26292}
