{"x":0.299886, "y":-0.0500491, "z":0.199899}
