{"x":0.508327, "y":0.0534738, "z":0.263125}
