{"x":0.299963, "y":-0.0499597, "z":0.199995}
