{"x":0.194887, "y":-0.182997, "z":0.205338}
