{"x":0.508406, "y":0.0535109, "z":0.26339}
