{"x":0.349764, "y":0.0500431, "z":0.249819}
