{"x":0.300911, "y":0.00557564, "z":0.300569}
