{"x":0.299905, "y":-0.0500535, "z":0.199916}
