{"x":0.190966, "y":-0.200028, "z":0.201935}
