{"x":0.117847 "y":-0.283425 "z":0.225386}
