{"x":0.190993, "y":-0.200051, "z":0.201968}
