{"x":0.352437 "y":-0.368348 "z":0.187658}
