{"x":0.399692, "y":-0.149914, "z":0.249598}
