{"x":0.27465, "y":-0.0253169, "z":0.212636}
