{"x":0.300097, "y":0.099909, "z":0.299893}
