{"x":0.117846 "y":-0.283421 "z":0.225381}
