{"x":0.300073, "y":-0.0501269, "z":0.199993}
