{"x":0.274462, "y":-0.025149, "z":0.212185}
