{"x":0.508164, "y":0.0534242, "z":0.26284}
