{"x":0.278343, "y":0.0027583, "z":0.290913}
