{"x":0.218465, "y":-0.19533, "z":0.21468}
