{"x":0.188776, "y":-0.212801, "z":0.200185}
