{"x":0.223861 "y":-0.196377 "z":0.267115}
