{"x":0.188564, "y":0.0974301, "z":0.292499}
