{"x":0.508202, "y":0.0534007, "z":0.26295}
