{"x":0.508154, "y":0.0534107, "z":0.262854}
