{"x":0.508303, "y":0.0534571, "z":0.263201}
