{"x":0.465101, "y":-0.0600344, "z":0.2578}
