{"x":0.349663, "y":0.0499079, "z":0.249691}
