{"x":0.274463, "y":-0.025148, "z":0.212187}
