{"x":0.508188, "y":0.0534228, "z":0.262871}
