{"x":0.274463, "y":-0.0251471, "z":0.212186}
