{"x":0.35244 "y":-0.368352 "z":0.187661}
