{"x":0.508095, "y":0.0533786, "z":0.262923}
