{"x":0.399693, "y":-0.149912, "z":0.2496}
