{"x":0.508107, "y":0.0533855, "z":0.262678}
