{"x":0.117848 "y":-0.283424 "z":0.225385}
