{"x":0.508187, "y":0.0534031, "z":0.262919}
