{"x":0.194885, "y":-0.182998, "z":0.205337}
