{"x":0.274463, "y":-0.0251479, "z":0.212187}
