{"x":0.352439 "y":-0.368353 "z":0.187663}
