{"x":0.328321, "y":-0.233297, "z":0.194482}
