{"x":0.352438 "y":-0.36836 "z":0.187666}
