{"x":0.194887, "y":-0.182998, "z":0.205338}
