{"x":0.399802, "y":-0.149968, "z":0.249647}
