{"x":0.399693, "y":-0.149911, "z":0.249598}
