{"x":0.442405, "y":0.0772084, "z":0.291867}
