{"x":0.269021, "y":-0.0308489, "z":0.209779}
