{"x":0.349763, "y":0.0500419, "z":0.249819}
