{"x":0.508185, "y":0.0534014, "z":0.262917}
