{"x":0.300012, "y":-0.0501099, "z":0.199954}
