{"x":0.382815, "y":-0.134007, "z":0.240846}
