{"x":0.508187, "y":0.0533891, "z":0.262917}
