{"x":0.349832, "y":0.04987, "z":0.249834}
