{"x":0.416638, "y":-0.175274, "z":0.103702}
