{"x":0.508103, "y":0.0534318, "z":0.262901}
