{"x":0.284742, "y":0.0279024, "z":0.317938}
