{"x":0.508199, "y":0.0533984, "z":0.262941}
