{"x":0.299911, "y":-0.050051, "z":0.199923}
