{"x":0.508164, "y":0.0534211, "z":0.262837}
