{"x":0.188563, "y":0.0974293, "z":0.292498}
