{"x":0.523651, "y":0.044447, "z":0.266005}
