{"x":0.188795, "y":-0.212752, "z":0.200161}
