{"x":0.508099, "y":0.0533824, "z":0.262933}
