{"x":0.329108, "y":-0.234996, "z":0.200645}
