{"x":0.299908, "y":-0.050057, "z":0.199921}
