{"x":0.190968, "y":-0.200032, "z":0.201937}
