{"x":0.284589 "y":-0.406425 "z":0.191535}
