{"x":0.32253, "y":0.0321357, "z":0.238435}
