{"x":0.399786, "y":-0.149961, "z":0.249617}
