{"x":0.352438 "y":-0.368354 "z":0.187668}
