{"x":0.400067, "y":-0.15005, "z":0.249892}
