{"x":0.188833, "y":-0.212711, "z":0.200165}
