{"x":0.505232, "y":0.050962, "z":0.262807}
