{"x":0.5082, "y":0.0536082, "z":0.263033}
