{"x":0.508204, "y":0.0534033, "z":0.262953}
