{"x":0.508204, "y":0.053398, "z":0.26295}
