{"x":0.399799, "y":-0.149965, "z":0.249644}
