{"x":0.352448 "y":-0.368335 "z":0.187661}
