{"x":0.508173, "y":0.0534231, "z":0.262892}
