{"x":0.388393, "y":-0.0125372, "z":0.399512}
