{"x":0.299912, "y":-0.0500521, "z":0.199925}
