{"x":0.190025, "y":-0.194644, "z":0.201535}
