{"x":0.188565, "y":0.0974285, "z":0.2925}
