{"x":0.349754, "y":0.050027, "z":0.249794}
