{"x":0.508201, "y":0.0533988, "z":0.26295}
