{"x":0.508197, "y":0.0533943, "z":0.262939}
