{"x":0.508104, "y":0.0534308, "z":0.262903}
