{"x":0.299749, "y":-1.76969e-05, "z":0.299594}
