{"x":0.188568, "y":0.0974315, "z":0.292505}
