{"x":0.195057, "y":-0.182652, "z":0.205478}
