{"x":0.299909, "y":-0.0500503, "z":0.199921}
