{"x":0.299909, "y":-0.050056, "z":0.199921}
