{"x":0.508079, "y":0.0536034, "z":0.262962}
