{"x":0.492608 "y":-0.164611 "z":0.249852}
