{"x":0.274461, "y":-0.0251482, "z":0.212185}
