{"x":0.299749, "y":-1.79143e-05, "z":0.299595}
