{"x":0.299904, "y":-0.0500524, "z":0.199914}
