{"x":0.188801, "y":-0.212759, "z":0.20017}
