{"x":0.388395, "y":-0.0125356, "z":0.399514}
