{"x":0.388394, "y":-0.0125362, "z":0.39951}
