{"x":0.299918, "y":-0.0500581, "z":0.199936}
