{"x":0.300124, "y":0.0998821, "z":0.29997}
