{"x":0.275857, "y":-0.00347014, "z":0.289378}
