{"x":0.492609 "y":-0.164604 "z":0.249853}
