{"x":0.492605, "y":-0.164618, "z":0.24985}
