{"x":0.299881, "y":-0.0499385, "z":0.19981}
