{"x":0.508191, "y":0.0533979, "z":0.262945}
