{"x":0.188599, "y":0.0974075, "z":0.292551}
