{"x":0.394076, "y":-0.144072, "z":0.246903}
