{"x":0.352435 "y":-0.36835 "z":0.187658}
