{"x":0.304751, "y":0.0996157, "z":0.300498}
