{"x":0.448555, "y":0.0667308, "z":0.273598}
