{"x":0.352367 "y":-0.368408 "z":0.187648}
