{"x":0.274463, "y":-0.0251463, "z":0.212186}
