{"x":0.29991, "y":-0.050053, "z":0.199922}
