{"x":0.111112 "y":-0.296787 "z":0.339671}
