{"x":0.111108 "y":-0.296789 "z":0.339674}
