{"x":0.299906, "y":-0.0500478, "z":0.199917}
