{"x":0.5082, "y":0.0533991, "z":0.262942}
