{"x":0.237857, "y":-0.0661531, "z":0.270887}
