{"x":0.349955, "y":0.0498198, "z":0.249882}
