{"x":0.382815, "y":-0.134004, "z":0.240845}
