{"x":0.46082, "y":0.064075, "z":0.271206}
