{"x":0.416641, "y":-0.17528, "z":0.103706}
