{"x":0.388395, "y":-0.0125359, "z":0.399513}
