{"x":0.508181, "y":0.0534171, "z":0.262895}
