{"x":0.19506, "y":-0.182654, "z":0.205481}
