{"x":0.29975, "y":-1.62132e-05, "z":0.299595}
