{"x":0.508099, "y":0.0533764, "z":0.262932}
