{"x":0.399856, "y":-0.150024, "z":0.249638}
