{"x":0.508197, "y":0.0536093, "z":0.26303}
