{"x":0.299978, "y":-0.0981735, "z":0.216069}
