{"x":0.508197, "y":0.053401, "z":0.262941}
