{"x":0.299886, "y":-0.0499431, "z":0.199856}
