{"x":0.508163, "y":0.0534184, "z":0.262839}
