{"x":0.30218, "y":-0.0460482, "z":0.202075}
