{"x":0.299958, "y":-0.0500754, "z":0.199961}
