{"x":0.508196, "y":0.0533982, "z":0.262951}
