{"x":0.275857, "y":-0.00347093, "z":0.289378}
