{"x":0.188762, "y":-0.212801, "z":0.20017}
