{"x":0.50635, "y":0.0537445, "z":0.262972}
