{"x":0.484095, "y":0.0586949, "z":0.267137}
