{"x":0.329105, "y":-0.234997, "z":0.200643}
