{"x":0.508156, "y":0.0534062, "z":0.262858}
