{"x":0.416642, "y":-0.175279, "z":0.103707}
