{"x":0.188675, "y":-0.212578, "z":0.199984}
