{"x":0.299918, "y":-0.0500601, "z":0.199937}
