{"x":0.455086, "y":0.0735245, "z":0.287908}
