{"x":0.190992, "y":-0.200051, "z":0.201967}
