{"x":0.299914, "y":-0.0500624, "z":0.199932}
