{"x":0.520805, "y":0.0424139, "z":0.242851}
