{"x":0.35245 "y":-0.368338 "z":0.187662}
