{"x":0.508203, "y":0.0533991, "z":0.262953}
