{"x":0.35244 "y":-0.368348 "z":0.187661}
