{"x":0.349666, "y":0.049951, "z":0.249664}
