{"x":0.388395, "y":-0.0125371, "z":0.399515}
