{"x":0.329108, "y":-0.234994, "z":0.200643}
