{"x":0.416639, "y":-0.175272, "z":0.103702}
