{"x":0.190993, "y":-0.200055, "z":0.20197}
