{"x":0.321428, "y":-0.26265, "z":0.223228}
