{"x":0.349725, "y":0.0497317, "z":0.249634}
