{"x":0.29991, "y":-0.0500515, "z":0.199923}
