{"x":0.299869, "y":3.3282e-05, "z":0.199951}
