{"x":0.299888, "y":-0.0500504, "z":0.199901}
