{"x":0.492603 "y":-0.164618 "z":0.249872}
