{"x":0.352446 "y":-0.368346 "z":0.187664}
