{"x":0.188699, "y":-0.212763, "z":0.200131}
