{"x":0.27467, "y":-0.0252437, "z":0.212586}
