{"x":0.312029, "y":-0.0449494, "z":0.214259}
