{"x":0.274464, "y":-0.0251484, "z":0.212186}
