{"x":0.399799, "y":-0.14997, "z":0.249645}
