{"x":0.492602 "y":-0.164623 "z":0.249874}
