{"x":0.237861, "y":-0.0661534, "z":0.270892}
