{"x":0.28474, "y":0.0279011, "z":0.317933}
