{"x":0.352439 "y":-0.368345 "z":0.187658}
