{"x":0.35001, "y":0.0500175, "z":0.249971}
