{"x":0.508152, "y":0.0534105, "z":0.262855}
