{"x":0.275858, "y":-0.00346943, "z":0.289379}
