{"x":0.188595, "y":0.0974062, "z":0.292534}
