{"x":0.352436 "y":-0.36835 "z":0.18766}
