{"x":0.299978, "y":-0.098172, "z":0.21607}
