{"x":0.352444 "y":-0.368342 "z":0.187661}
