{"x":0.369728, "y":-0.119925, "z":0.234791}
