{"x":0.299891, "y":-0.0500485, "z":0.199902}
