{"x":0.299628, "y":-0.0914088, "z":0.213514}
