{"x":0.274464, "y":-0.0251491, "z":0.212187}
