{"x":0.299862, "y":3.35629e-05, "z":0.199947}
