{"x":0.275855, "y":-0.0034689, "z":0.289375}
