{"x":0.508197, "y":0.0533957, "z":0.262939}
