{"x":0.299857, "y":3.47822e-05, "z":0.199941}
