{"x":0.492606 "y":-0.164613 "z":0.24985}
