{"x":0.415035 "y":-0.42243 "z":0.185067}
