{"x":0.275857, "y":-0.00346958, "z":0.289379}
