{"x":0.508102, "y":0.0534335, "z":0.262904}
