{"x":0.352452 "y":-0.368337 "z":0.187665}
