{"x":0.321427, "y":-0.262648, "z":0.223227}
