{"x":0.328317, "y":-0.233296, "z":0.194478}
