{"x":0.508203, "y":0.0534033, "z":0.262949}
