{"x":0.508186, "y":0.0533986, "z":0.262918}
