{"x":0.190023, "y":-0.194641, "z":0.201531}
