{"x":0.274462, "y":-0.0251499, "z":0.212185}
