{"x":0.352439 "y":-0.368351 "z":0.187664}
