{"x":0.191093, "y":-0.200153, "z":0.202084}
