{"x":0.278343, "y":0.00276054, "z":0.290915}
