{"x":0.508186, "y":0.0533955, "z":0.262919}
