{"x":0.35244 "y":-0.368347 "z":0.18766}
