{"x":0.365317, "y":-0.115467, "z":0.232607}
