{"x":0.390808, "y":-0.140893, "z":0.245286}
