{"x":0.46458, "y":0.0630839, "z":0.270694}
