{"x":0.508258, "y":0.053333, "z":0.263193}
