{"x":0.508196, "y":0.0534071, "z":0.262938}
