{"x":0.299903, "y":0.0999585, "z":0.29985}
