{"x":0.50817, "y":0.0534183, "z":0.262885}
