{"x":0.329104, "y":-0.234998, "z":0.200638}
