{"x":0.299917, "y":-0.0500509, "z":0.19993}
