{"x":0.339328, "y":0.0289444, "z":0.23928}
