{"x":0.508288, "y":0.053586, "z":0.263214}
