{"x":0.321426, "y":-0.262649, "z":0.223227}
