{"x":0.321429, "y":-0.262645, "z":0.223226}
