{"x":0.388395, "y":-0.0125365, "z":0.399512}
