{"x":0.299913, "y":-0.0500528, "z":0.199926}
