{"x":0.5082, "y":0.053402, "z":0.262944}
