{"x":0.349651, "y":0.0499592, "z":0.249653}
