{"x":0.492607 "y":-0.164619 "z":0.249854}
