{"x":0.274556, "y":-0.0251553, "z":0.212253}
