{"x":0.508097, "y":0.0533764, "z":0.26293}
