{"x":0.284752, "y":0.0279007, "z":0.317953}
