{"x":0.317693, "y":0.045665, "z":0.23242}
