{"x":0.508202, "y":0.0534012, "z":0.262945}
