{"x":0.274463, "y":-0.0251492, "z":0.212185}
