{"x":0.508198, "y":0.0533891, "z":0.262938}
