{"x":0.284751, "y":0.0278992, "z":0.317953}
