{"x":0.523651, "y":0.0444469, "z":0.26601}
