{"x":0.508104, "y":0.0534344, "z":0.262906}
