{"x":0.508164, "y":0.0534238, "z":0.262837}
