{"x":0.415035 "y":-0.422429 "z":0.185068}
