{"x":0.416652, "y":-0.17528, "z":0.103716}
