{"x":0.399853, "y":-0.150016, "z":0.249632}
