{"x":0.299908, "y":-0.0500559, "z":0.19992}
