{"x":0.479425, "y":-0.0311738, "z":0.259523}
