{"x":0.399704, "y":-0.149913, "z":0.249637}
