{"x":0.352437 "y":-0.368353 "z":0.187662}
