{"x":0.508302, "y":0.0534213, "z":0.263197}
