{"x":0.411607, "y":0.0749027, "z":0.280082}
