{"x":0.299741, "y":0.0999543, "z":0.29973}
