{"x":0.369723, "y":-0.119923, "z":0.23478}
