{"x":0.188565, "y":0.09743, "z":0.2925}
