{"x":0.508188, "y":0.0533923, "z":0.262918}
