{"x":0.399891, "y":-0.149924, "z":0.249784}
