{"x":0.399857, "y":-0.150019, "z":0.249638}
