{"x":0.190991, "y":-0.200051, "z":0.201966}
