{"x":0.41664, "y":-0.17527, "z":0.103703}
