{"x":0.299964, "y":-0.0499603, "z":0.199997}
