{"x":0.289935 "y":-0.409811 "z":0.207606}
