{"x":0.50817, "y":0.053415, "z":0.262885}
