{"x":0.508207, "y":0.0534022, "z":0.262969}
