{"x":0.508201, "y":0.0533995, "z":0.262943}
