{"x":0.399801, "y":-0.149965, "z":0.249646}
