{"x":0.399796, "y":-0.149986, "z":0.249598}
