{"x":0.299753, "y":0.0499818, "z":0.299777}
