{"x":0.416643, "y":-0.175279, "z":0.103708}
