{"x":0.299858, "y":3.78716e-05, "z":0.199943}
