{"x":0.194884, "y":-0.182997, "z":0.205335}
