{"x":0.241252, "y":-0.122857, "z":0.324984}
