{"x":0.299903, "y":-0.050051, "z":0.199914}
