{"x":0.508202, "y":0.0533991, "z":0.262951}
