{"x":0.321426, "y":-0.262652, "z":0.223226}
