{"x":0.299857, "y":3.90112e-05, "z":0.19994}
