{"x":0.241253, "y":-0.122862, "z":0.324988}
