{"x":0.399792, "y":-0.149961, "z":0.249623}
