{"x":0.508197, "y":0.0534014, "z":0.262933}
