{"x":0.349794, "y":0.0497977, "z":0.249715}
