{"x":0.508171, "y":0.0534136, "z":0.262885}
