{"x":0.508199, "y":0.0534014, "z":0.26294}
