{"x":0.188566, "y":0.0974278, "z":0.2925}
