{"x":0.194883, "y":-0.182997, "z":0.205336}
