{"x":0.334884, "y":0.0648502, "z":0.264731}
