{"x":0.18877, "y":-0.212799, "z":0.200179}
