{"x":0.508187, "y":0.0534199, "z":0.262878}
