{"x":0.284722, "y":0.0278273, "z":0.317809}
