{"x":0.523653, "y":0.0444557, "z":0.266012}
