{"x":0.492603 "y":-0.164623 "z":0.249873}
