{"x":0.237859, "y":-0.0661544, "z":0.270891}
