{"x":0.299908, "y":-0.0500553, "z":0.199921}
