{"x":0.321426, "y":-0.262648, "z":0.223225}
