{"x":0.508098, "y":0.0533726, "z":0.262931}
