{"x":0.508104, "y":0.0534342, "z":0.262906}
