{"x":0.194884, "y":-0.182995, "z":0.205333}
