{"x":0.508186, "y":0.0533966, "z":0.262913}
