{"x":0.492606 "y":-0.164616 "z":0.249852}
