{"x":0.352457 "y":-0.368333 "z":0.187664}
