{"x":0.50824, "y":0.0534534, "z":0.263139}
