{"x":0.299907, "y":-0.0500486, "z":0.199917}
