{"x":0.508098, "y":0.0533778, "z":0.26293}
