{"x":0.369724, "y":-0.119923, "z":0.234781}
