{"x":0.237859, "y":-0.0661534, "z":0.270888}
