{"x":0.492606, "y":-0.164619, "z":0.249851}
