{"x":0.50817, "y":0.0536054, "z":0.262959}
