{"x":0.508202, "y":0.0534753, "z":0.262984}
