{"x":0.223866 "y":-0.196377 "z":0.267117}
