{"x":0.188563, "y":0.0974279, "z":0.292496}
