{"x":0.352434 "y":-0.36835 "z":0.187656}
