{"x":0.188673, "y":-0.212575, "z":0.19998}
