{"x":0.329108, "y":-0.234995, "z":0.200643}
