{"x":0.24125, "y":-0.122858, "z":0.324984}
