{"x":0.508154, "y":0.0534022, "z":0.262854}
