{"x":0.416649, "y":-0.175286, "z":0.103713}
