{"x":0.314644, "y":0.0852203, "z":0.285096}
