{"x":0.508169, "y":0.0534228, "z":0.262883}
