{"x":0.508192, "y":0.0533967, "z":0.26293}
