{"x":0.228213, "y":-0.110244, "z":0.279861}
