{"x":0.399694, "y":-0.149916, "z":0.2496}
