{"x":0.508197, "y":0.0534011, "z":0.262938}
