{"x":0.399899, "y":-0.149913, "z":0.24979}
