{"x":0.275857, "y":-0.00346929, "z":0.289378}
