{"x":0.50817, "y":0.0534185, "z":0.262886}
