{"x":0.35245 "y":-0.368337 "z":0.187662}
