{"x":0.39961, "y":-0.149615, "z":0.249662}
