{"x":0.415047 "y":-0.422427 "z":0.18508}
