{"x":0.300909, "y":0.00557514, "z":0.300567}
