{"x":0.299881, "y":2.07534e-06, "z":0.299904}
