{"x":0.508189, "y":0.0534361, "z":0.262934}
