{"x":0.299875, "y":-0.0499846, "z":0.299904}
