{"x":0.299874, "y":-0.0499443, "z":0.199932}
