{"x":0.508194, "y":0.0533942, "z":0.262946}
