{"x":0.44749, "y":-0.0897224, "z":0.255688}
