{"x":0.30091, "y":0.00557403, "z":0.300569}
