{"x":0.27727, "y":-0.07853, "z":0.398556}
