{"x":0.299856, "y":3.59256e-05, "z":0.19994}
