{"x":0.508201, "y":0.053399, "z":0.26295}
