{"x":0.332459, "y":0.0152926, "z":0.232401}
