{"x":0.352436 "y":-0.368353 "z":0.187659}
