{"x":0.398609, "y":-0.148581, "z":0.249208}
