{"x":0.442964, "y":0.0679224, "z":0.274421}
