{"x":0.299909, "y":-0.0500525, "z":0.199922}
