{"x":0.3998, "y":-0.14997, "z":0.249646}
