{"x":0.399695, "y":-0.149916, "z":0.249604}
