{"x":0.421488, "y":-0.109413, "z":0.252398}
