{"x":0.416642, "y":-0.175275, "z":0.103707}
