{"x":0.241255, "y":-0.122848, "z":0.324983}
