{"x":0.29991, "y":-0.0500564, "z":0.199923}
