{"x":0.327077, "y":0.00450148, "z":0.227116}
