{"x":0.508193, "y":0.0534044, "z":0.262932}
