{"x":0.284738, "y":0.0278935, "z":0.317927}
