{"x":0.416642, "y":-0.175276, "z":0.103707}
