{"x":0.274465, "y":-0.02515, "z":0.212188}
