{"x":0.289939 "y":-0.40981 "z":0.207607}
