{"x":0.26902, "y":-0.0308491, "z":0.209777}
