{"x":0.188765, "y":-0.212804, "z":0.200176}
