{"x":0.29986, "y":3.81745e-05, "z":0.199943}
