{"x":0.508203, "y":0.0533992, "z":0.262951}
