{"x":0.188565, "y":0.0974282, "z":0.292498}
