{"x":0.401718, "y":-0.147667, "z":0.249686}
