{"x":0.352433 "y":-0.368351 "z":0.187656}
