{"x":0.310486, "y":-0.108362, "z":0.154225}
