{"x":0.508299, "y":0.0534657, "z":0.263202}
