{"x":0.299909, "y":-0.050055, "z":0.199924}
