{"x":0.299854, "y":3.84984e-05, "z":0.19994}
