{"x":0.508406, "y":0.0535077, "z":0.263392}
