{"x":0.29986, "y":3.32309e-05, "z":0.199944}
