{"x":0.503988, "y":0.0535385, "z":0.262362}
