{"x":0.449232 "y":-0.250813 "z":0.206426}
