{"x":0.300003, "y":0.100048, "z":0.299936}
