{"x":0.26902, "y":-0.0308501, "z":0.209778}
