{"x":0.300911, "y":0.00557271, "z":0.300569}
