{"x":0.508193, "y":0.0534036, "z":0.262932}
