{"x":0.508077, "y":0.0536004, "z":0.262959}
