{"x":0.299903, "y":-0.0500554, "z":0.199914}
