{"x":0.299863, "y":3.42211e-05, "z":0.199949}
