{"x":0.275855, "y":-0.00346817, "z":0.289375}
