{"x":0.508096, "y":0.053382, "z":0.262925}
