{"x":0.508107, "y":0.0533884, "z":0.26268}
