{"x":0.352431 "y":-0.368357 "z":0.187675}
