{"x":0.352452 "y":-0.368335 "z":0.187665}
