{"x":0.349827, "y":0.0499272, "z":0.249861}
