{"x":0.19506, "y":-0.182652, "z":0.205481}
