{"x":0.299854, "y":0.100018, "z":0.299669}
