{"x":0.223867 "y":-0.196376 "z":0.267117}
