{"x":0.188561, "y":0.0974283, "z":0.292494}
