{"x":0.300127, "y":0.0998722, "z":0.299975}
