{"x":0.31194, "y":-0.0258589, "z":0.211927}
