{"x":0.352433 "y":-0.368353 "z":0.187658}
