{"x":0.299854, "y":3.5785e-05, "z":0.199939}
