{"x":0.300144, "y":0.0998536, "z":0.300006}
