{"x":0.299915, "y":0.0999683, "z":0.29986}
