{"x":0.382994, "y":-0.134105, "z":0.240721}
