{"x":0.299978, "y":-0.0981733, "z":0.216069}
