{"x":0.352439 "y":-0.368352 "z":0.187662}
