{"x":0.399696, "y":-0.14988, "z":0.249636}
