{"x":0.188594, "y":0.0974059, "z":0.292532}
