{"x":0.117846 "y":-0.283422 "z":0.225385}
