{"x":0.31259, "y":-0.101516, "z":0.159689}
