{"x":0.508169, "y":0.0534229, "z":0.262886}
