{"x":0.352453 "y":-0.368335 "z":0.187661}
