{"x":0.30091, "y":0.00557418, "z":0.300568}
