{"x":0.299859, "y":3.69772e-05, "z":0.199944}
