{"x":0.492602 "y":-0.164619 "z":0.249871}
