{"x":0.299853, "y":0.100016, "z":0.299668}
