{"x":0.433174, "y":0.070119, "z":0.276105}
