{"x":0.299901, "y":-0.0500541, "z":0.199913}
