{"x":0.508187, "y":0.0533921, "z":0.26292}
