{"x":0.312878, "y":-0.12098, "z":0.66539}
