{"x":0.508093, "y":0.0533821, "z":0.26292}
