{"x":0.300004, "y":-0.0500911, "z":0.199981}
