{"x":0.349725, "y":0.0500235, "z":0.249767}
