{"x":0.508198, "y":0.0534015, "z":0.26294}
