{"x":0.299907, "y":-0.0500506, "z":0.19992}
