{"x":0.399854, "y":-0.150022, "z":0.249637}
