{"x":0.508203, "y":0.0533978, "z":0.262949}
