{"x":0.399856, "y":-0.150017, "z":0.249636}
