{"x":0.399694, "y":-0.149914, "z":0.249599}
