{"x":0.508098, "y":0.0533792, "z":0.262932}
