{"x":0.241251, "y":-0.122857, "z":0.324984}
