{"x":0.317658, "y":-0.0678247, "z":0.208691}
