{"x":0.299915, "y":-0.0500594, "z":0.199933}
