{"x":0.399692, "y":-0.149916, "z":0.249601}
