{"x":0.508204, "y":0.0533944, "z":0.262948}
