{"x":0.275856, "y":-0.00347052, "z":0.289376}
