{"x":0.269021, "y":-0.0308481, "z":0.209779}
