{"x":0.332136, "y":-0.0822191, "z":0.215987}
