{"x":0.274461, "y":-0.0251477, "z":0.212184}
