{"x":0.449235 "y":-0.250812 "z":0.206427}
