{"x":0.388395, "y":-0.0125369, "z":0.399513}
