{"x":0.188673, "y":-0.212578, "z":0.199984}
