{"x":0.223845 "y":-0.196385 "z":0.267106}
