{"x":0.313635, "y":-0.0308586, "z":0.23091}
