{"x":0.269021, "y":-0.0308485, "z":0.209778}
