{"x":0.284748, "y":0.0278053, "z":0.317854}
