{"x":0.508195, "y":0.053401, "z":0.262935}
