{"x":0.299977, "y":-0.09817, "z":0.216066}
