{"x":0.35244 "y":-0.36835 "z":0.187661}
