{"x":0.508193, "y":0.0533978, "z":0.262932}
