{"x":0.41504 "y":-0.422427 "z":0.18507}
