{"x":0.5082, "y":0.0534016, "z":0.262947}
