{"x":0.49541, "y":0.00917077, "z":0.261591}
