{"x":0.312595, "y":-0.101519, "z":0.159695}
