{"x":0.299882, "y":-0.0499499, "z":0.199854}
