{"x":0.299903, "y":-0.0500499, "z":0.199914}
