{"x":0.29963, "y":-0.0914085, "z":0.213516}
