{"x":0.508153, "y":0.053408, "z":0.262852}
