{"x":0.35245 "y":-0.368342 "z":0.187667}
