{"x":0.275856, "y":-0.00347195, "z":0.289377}
