{"x":0.508203, "y":0.0534007, "z":0.262951}
