{"x":0.415037 "y":-0.422432 "z":0.18507}
