{"x":0.399799, "y":-0.149967, "z":0.249643}
