{"x":0.35056, "y":0.0500524, "z":0.25004}
