{"x":0.508324, "y":0.0534756, "z":0.263122}
