{"x":0.399857, "y":-0.15002, "z":0.249639}
