{"x":0.508164, "y":0.0534213, "z":0.26284}
