{"x":0.492602 "y":-0.164615 "z":0.249845}
