{"x":0.312627, "y":-0.101532, "z":0.159735}
