{"x":0.399786, "y":-0.149962, "z":0.249617}
