{"x":0.188565, "y":0.0974298, "z":0.292501}
