{"x":0.188564, "y":0.0974286, "z":0.292497}
