{"x":0.508163, "y":0.0534209, "z":0.262835}
