{"x":0.492607 "y":-0.164613 "z":0.249851}
