{"x":0.188594, "y":0.097407, "z":0.292533}
