{"x":0.508327, "y":0.0534664, "z":0.263126}
