{"x":0.382816, "y":-0.134008, "z":0.240848}
