{"x":0.237862, "y":-0.0661531, "z":0.270892}
