{"x":0.312593, "y":-0.101517, "z":0.159692}
