{"x":0.476858, "y":-0.0368977, "z":0.25934}
