{"x":0.508198, "y":0.0533989, "z":0.262939}
