{"x":0.508186, "y":0.0533962, "z":0.262915}
