{"x":0.508094, "y":0.0533818, "z":0.262921}
