{"x":0.399798, "y":-0.14997, "z":0.249644}
