{"x":0.188567, "y":0.0974304, "z":0.292503}
