{"x":0.328318, "y":-0.233296, "z":0.194479}
