{"x":0.388395, "y":-0.01254, "z":0.39951}
