{"x":0.508182, "y":0.0534177, "z":0.262898}
