{"x":0.299856, "y":0.100017, "z":0.299669}
