{"x":0.458193, "y":0.0159797, "z":0.254804}
