{"x":0.300912, "y":0.00557676, "z":0.300571}
