{"x":0.508203, "y":0.0533988, "z":0.262952}
