{"x":0.399798, "y":-0.149971, "z":0.249644}
