{"x":0.270216, "y":-0.0174091, "z":0.285313}
