{"x":0.299855, "y":3.54527e-05, "z":0.199942}
