{"x":0.352446 "y":-0.368339 "z":0.187661}
