{"x":0.299627, "y":-0.0914099, "z":0.213513}
