{"x":0.300004, "y":0.100046, "z":0.299935}
