{"x":0.399788, "y":-0.149958, "z":0.249619}
