{"x":0.321426, "y":-0.262651, "z":0.223229}
