{"x":0.299887, "y":-0.050048, "z":0.199899}
