{"x":0.3998, "y":-0.149964, "z":0.249644}
