{"x":0.299901, "y":-0.050051, "z":0.199912}
