{"x":0.508162, "y":0.0534015, "z":0.262824}
