{"x":0.299914, "y":-0.050054, "z":0.199927}
