{"x":0.352449 "y":-0.368339 "z":0.187664}
