{"x":0.508152, "y":0.0534159, "z":0.262853}
