{"x":0.492602 "y":-0.164622 "z":0.249873}
