{"x":0.312589, "y":-0.101516, "z":0.159687}
