{"x":0.349849, "y":0.049915, "z":0.249906}
