{"x":0.360309, "y":0.100837, "z":0.237145}
