{"x":0.299916, "y":-0.0500583, "z":0.199934}
