{"x":0.492609, "y":-0.164617, "z":0.249857}
