{"x":0.415039 "y":-0.422425 "z":0.185066}
