{"x":0.188569, "y":0.0974312, "z":0.292507}
