{"x":0.508204, "y":0.053396, "z":0.262952}
