{"x":0.416646, "y":-0.175275, "z":0.10371}
