{"x":0.399788, "y":-0.14996, "z":0.24962}
