{"x":0.352437 "y":-0.368346 "z":0.187658}
