{"x":0.278344, "y":0.00275855, "z":0.290917}
