{"x":0.299748, "y":-1.7507e-05, "z":0.299591}
