{"x":0.36177, "y":0.116533, "z":0.239396}
