{"x":0.188568, "y":0.0974308, "z":0.292505}
