{"x":0.373194, "y":0.0835523, "z":0.286925}
