{"x":0.18173, "y":-0.0805022, "z":0.245842}
