{"x":0.236135, "y":-0.0699759, "z":0.269318}
