{"x":0.399801, "y":-0.149971, "z":0.249647}
