{"x":0.299903, "y":-0.0500548, "z":0.199915}
