{"x":0.29991, "y":-0.0500483, "z":0.19992}
