{"x":0.508306, "y":0.0534734, "z":0.263209}
