{"x":0.508238, "y":0.0534562, "z":0.263136}
