{"x":0.508184, "y":0.0534001, "z":0.262915}
