{"x":0.508194, "y":0.0536074, "z":0.263021}
