{"x":0.299749, "y":-1.5582e-05, "z":0.299593}
