{"x":0.508201, "y":0.0533978, "z":0.262947}
