{"x":0.492605, "y":-0.164615, "z":0.249852}
