{"x":0.299883, "y":-0.0499457, "z":0.199856}
