{"x":0.228226, "y":-0.109975, "z":0.279603}
