{"x":0.299916, "y":-0.0500607, "z":0.199935}
