{"x":0.300006, "y":0.100039, "z":0.299914}
