{"x":0.299896, "y":-0.050031, "z":0.199973}
