{"x":0.29986, "y":3.48162e-05, "z":0.199946}
