{"x":0.399787, "y":-0.149959, "z":0.249617}
