{"x":0.48095, "y":0.0593834, "z":0.267721}
