{"x":0.492606 "y":-0.164618 "z":0.249852}
