{"x":0.508202, "y":0.0534002, "z":0.262949}
