{"x":0.35244 "y":-0.368345 "z":0.187657}
