{"x":0.508202, "y":0.0534005, "z":0.262952}
