{"x":0.299754, "y":-1.92205e-05, "z":0.299611}
