{"x":0.299749, "y":-1.52751e-05, "z":0.299592}
