{"x":0.111114 "y":-0.296787 "z":0.339674}
