{"x":0.508302, "y":0.0535116, "z":0.263093}
