{"x":0.416641, "y":-0.175277, "z":0.103704}
