{"x":0.357948 "y":-0.17315 "z":0.254122}
