{"x":0.361711, "y":0.086071, "z":0.289052}
