{"x":0.458802, "y":0.064375, "z":0.27166}
