{"x":0.188562, "y":0.09743, "z":0.292497}
