{"x":0.349724, "y":0.050022, "z":0.249767}
