{"x":0.508186, "y":0.0534017, "z":0.262919}
