{"x":0.274461, "y":-0.0251483, "z":0.212184}
