{"x":0.241253, "y":-0.122858, "z":0.324987}
