{"x":0.352439 "y":-0.368348 "z":0.187657}
