{"x":0.399892, "y":-0.149928, "z":0.249791}
