{"x":0.492596 "y":-0.164638 "z":0.249869}
