{"x":0.299887, "y":-0.0500494, "z":0.199899}
