{"x":0.508185, "y":0.0533995, "z":0.262918}
