{"x":0.508194, "y":0.0534008, "z":0.262934}
