{"x":0.350057, "y":-0.10017, "z":0.224863}
