{"x":0.284723, "y":0.0278287, "z":0.31781}
