{"x":0.299882, "y":3.66563e-06, "z":0.299905}
