{"x":0.405314, "y":-0.380173, "z":0.254264}
