{"x":0.286967, "y":0.0903236, "z":0.368565}
