{"x":0.190965, "y":-0.20003, "z":0.201934}
