{"x":0.508187, "y":0.0533918, "z":0.262916}
