{"x":0.299782, "y":-0.0499598, "z":0.199819}
