{"x":0.300003, "y":0.100038, "z":0.299908}
