{"x":0.312597, "y":-0.101519, "z":0.159695}
