{"x":0.508099, "y":0.0533781, "z":0.262932}
