{"x":0.508188, "y":0.0536038, "z":0.263017}
