{"x":0.29994, "y":-0.0500316, "z":0.199977}
