{"x":0.299911, "y":-0.0500534, "z":0.199924}
