{"x":0.416645, "y":-0.175275, "z":0.103709}
