{"x":0.35244 "y":-0.368346 "z":0.187657}
