{"x":0.508196, "y":0.053397, "z":0.262948}
