{"x":0.492606 "y":-0.164612 "z":0.249851}
