{"x":0.399827, "y":-0.149888, "z":0.249814}
