{"x":0.508188, "y":0.0533951, "z":0.262919}
