{"x":0.223864 "y":-0.196377 "z":0.267116}
