{"x":0.508197, "y":0.0534021, "z":0.262939}
