{"x":0.299754, "y":0.0499802, "z":0.299779}
