{"x":0.508155, "y":0.0533954, "z":0.26283}
