{"x":0.39979, "y":-0.149963, "z":0.249624}
