{"x":0.299874, "y":-0.0499434, "z":0.199931}
