{"x":0.508188, "y":0.0533936, "z":0.26292}
