{"x":0.276409 "y":-0.27273 "z":0.249229}
