{"x":0.190967, "y":-0.200031, "z":0.201936}
