{"x":0.299914, "y":-0.0500517, "z":0.199925}
