{"x":0.508296, "y":0.0534258, "z":0.263165}
