{"x":0.299914, "y":-0.0500513, "z":0.199927}
