{"x":0.299907, "y":-0.0500519, "z":0.199918}
