{"x":0.349787, "y":0.0498055, "z":0.249711}
