{"x":0.415033 "y":-0.42243 "z":0.185066}
