{"x":0.349781, "y":0.0498013, "z":0.249702}
