{"x":0.399801, "y":-0.149969, "z":0.249648}
