{"x":0.320167, "y":-0.00966859, "z":0.220107}
