{"x":0.508163, "y":0.0534219, "z":0.262838}
