{"x":0.492606, "y":-0.164623, "z":0.249855}
