{"x":0.111113 "y":-0.296787 "z":0.339675}
