{"x":0.224874, "y":0.0494807, "z":0.299925}
