{"x":0.195061, "y":-0.182653, "z":0.205483}
