{"x":0.299751, "y":-1.91779e-05, "z":0.299595}
