{"x":0.299629, "y":-0.0914095, "z":0.213516}
