{"x":0.29321, "y":0.0271449, "z":0.3085}
