{"x":0.508187, "y":0.0534013, "z":0.262919}
