{"x":0.399801, "y":-0.149967, "z":0.249644}
