{"x":0.299853, "y":0.100015, "z":0.299665}
