{"x":0.300155, "y":0.0998589, "z":0.299945}
