{"x":0.508198, "y":0.0535655, "z":0.263164}
