{"x":0.399785, "y":-0.14996, "z":0.249615}
