{"x":0.399948, "y":-0.150059, "z":0.249815}
