{"x":0.299913, "y":-0.0500548, "z":0.199927}
