{"x":0.299854, "y":0.100016, "z":0.299667}
