{"x":0.492605 "y":-0.164617 "z":0.249852}
