{"x":0.508202, "y":0.0534011, "z":0.26295}
