{"x":0.309648, "y":-0.0479458, "z":0.204468}
