{"x":0.508187, "y":0.0534401, "z":0.262932}
