{"x":0.508407, "y":0.0535077, "z":0.263391}
