{"x":0.352436 "y":-0.368355 "z":0.187661}
