{"x":0.508167, "y":0.0534181, "z":0.262844}
