{"x":0.188564, "y":0.0974281, "z":0.292498}
