{"x":0.399802, "y":-0.14997, "z":0.249647}
