{"x":0.492604 "y":-0.164622 "z":0.249876}
