{"x":0.284842, "y":0.0278208, "z":0.318021}
