{"x":0.27446, "y":-0.025148, "z":0.212182}
