{"x":0.296518, "y":-0.000866044, "z":0.294402}
