{"x":0.399789, "y":-0.149961, "z":0.249619}
