{"x":0.508179, "y":0.0534198, "z":0.262894}
