{"x":0.299853, "y":0.100017, "z":0.299665}
