{"x":0.352431 "y":-0.368355 "z":0.187657}
