{"x":0.188563, "y":0.0974275, "z":0.292494}
