{"x":0.188672, "y":-0.212577, "z":0.19998}
