{"x":0.400064, "y":-0.149606, "z":0.249676}
