{"x":0.415033 "y":-0.422432 "z":0.185069}
