{"x":0.299864, "y":3.49097e-05, "z":0.199949}
