{"x":0.350009, "y":0.0500263, "z":0.249935}
