{"x":0.415037 "y":-0.422427 "z":0.185066}
