{"x":0.29975, "y":-1.73939e-05, "z":0.299594}
