{"x":0.237859, "y":-0.0661543, "z":0.270888}
