{"x":0.213532 "y":-0.214775 "z":0.297799}
