{"x":0.508407, "y":0.0535099, "z":0.263401}
