{"x":0.299979, "y":-0.098172, "z":0.21607}
