{"x":0.369657, "y":-0.114065, "z":0.239531}
