{"x":0.299907, "y":-0.050056, "z":0.19992}
