{"x":0.399855, "y":-0.150018, "z":0.249635}
