{"x":0.352443 "y":-0.368341 "z":0.187659}
