{"x":0.469879, "y":-0.0509801, "z":0.258358}
