{"x":0.299875, "y":-0.0499856, "z":0.299904}
