{"x":0.399691, "y":-0.149914, "z":0.249599}
