{"x":0.299853, "y":3.63602e-05, "z":0.199937}
