{"x":0.508104, "y":0.0534332, "z":0.262902}
