{"x":0.5082, "y":0.0534022, "z":0.262943}
