{"x":0.415036 "y":-0.42243 "z":0.185071}
