{"x":0.23786, "y":-0.066154, "z":0.27089}
