{"x":0.508295, "y":0.0534564, "z":0.263154}
