{"x":0.3998, "y":-0.149968, "z":0.249646}
