{"x":0.39979, "y":-0.14996, "z":0.249621}
