{"x":0.299918, "y":-0.0500605, "z":0.199936}
