{"x":0.508154, "y":0.0534893, "z":0.262853}
