{"x":0.352445 "y":-0.368345 "z":0.187664}
