{"x":0.492601 "y":-0.164623 "z":0.249871}
