{"x":0.352436 "y":-0.368354 "z":0.187665}
