{"x":0.28474, "y":0.0279003, "z":0.317935}
