{"x":0.508198, "y":0.0533956, "z":0.262939}
