{"x":0.416639, "y":-0.175276, "z":0.103705}
