{"x":0.299753, "y":0.0499828, "z":0.299777}
