{"x":0.332682, "y":-0.0415699, "z":0.176799}
