{"x":0.299907, "y":-0.0500556, "z":0.19992}
