{"x":0.508179, "y":0.0534143, "z":0.262892}
