{"x":0.352437 "y":-0.368344 "z":0.187654}
