{"x":0.312596, "y":-0.101518, "z":0.159695}
