{"x":0.415038 "y":-0.422429 "z":0.185069}
