{"x":0.299873, "y":-0.0499456, "z":0.199931}
