{"x":0.111113 "y":-0.296786 "z":0.339674}
