{"x":0.299907, "y":-0.0500492, "z":0.19992}
