{"x":0.299782, "y":-0.04996, "z":0.199819}
