{"x":0.508206, "y":0.0533723, "z":0.262952}
