{"x":0.508298, "y":0.0535098, "z":0.263089}
