{"x":0.508103, "y":0.053429, "z":0.262904}
