{"x":0.276409 "y":-0.272731 "z":0.249231}
