{"x":0.508164, "y":0.053418, "z":0.262839}
