{"x":0.508203, "y":0.0534059, "z":0.262952}
