{"x":0.399695, "y":-0.149913, "z":0.249602}
