{"x":0.299888, "y":-0.0500409, "z":0.199897}
