{"x":0.237861, "y":-0.0661542, "z":0.270892}
