{"x":0.300005, "y":0.100037, "z":0.299918}
