{"x":0.508095, "y":0.0533832, "z":0.262924}
