{"x":0.299905, "y":-0.050055, "z":0.199917}
