{"x":0.328319, "y":-0.2333, "z":0.194483}
