{"x":0.194882, "y":-0.182996, "z":0.205334}
