{"x":0.299853, "y":3.88175e-05, "z":0.199936}
