{"x":0.492601 "y":-0.164624 "z":0.249872}
