{"x":0.352447 "y":-0.368345 "z":0.187663}
