{"x":0.352451 "y":-0.36834 "z":0.187665}
