{"x":0.299907, "y":-0.0500504, "z":0.199919}
