{"x":0.328314, "y":-0.233295, "z":0.194475}
