{"x":0.321427, "y":-0.26265, "z":0.223228}
