{"x":0.508073, "y":0.0535548, "z":0.262892}
