{"x":0.299874, "y":-0.0499478, "z":0.199921}
