{"x":0.111102 "y":-0.296777 "z":0.339645}
