{"x":0.382815, "y":-0.134008, "z":0.240847}
