{"x":0.369726, "y":-0.119923, "z":0.234784}
