{"x":0.352441 "y":-0.368345 "z":0.187662}
