{"x":0.399692, "y":-0.149911, "z":0.249595}
