{"x":0.508405, "y":0.0535112, "z":0.26339}
