{"x":0.508216, "y":0.0534725, "z":0.263031}
