{"x":0.299902, "y":-0.0500527, "z":0.199912}
