{"x":0.416643, "y":-0.175274, "z":0.103705}
