{"x":0.405346, "y":-0.380195, "z":0.254315}
