{"x":0.299861, "y":3.346e-05, "z":0.199945}
