{"x":0.328316, "y":-0.233297, "z":0.194479}
