{"x":0.299914, "y":-0.0500552, "z":0.199926}
