{"x":0.299906, "y":-0.0500538, "z":0.199917}
