{"x":0.388395, "y":-0.0125384, "z":0.399512}
