{"x":0.190967, "y":-0.200028, "z":0.201934}
