{"x":0.369729, "y":-0.119925, "z":0.234792}
