{"x":0.501463, "y":0.0536085, "z":0.264059}
