{"x":0.360307, "y":0.100835, "z":0.237144}
