{"x":0.508196, "y":0.0534018, "z":0.262936}
