{"x":0.32911, "y":-0.234995, "z":0.200645}
