{"x":0.188793, "y":-0.212751, "z":0.200159}
