{"x":0.299906, "y":-0.0500498, "z":0.199919}
