{"x":0.29998, "y":-0.0981709, "z":0.216069}
