{"x":0.508221, "y":0.0534684, "z":0.263031}
