{"x":0.50822, "y":0.0534666, "z":0.263032}
