{"x":0.274464, "y":-0.0251478, "z":0.212188}
