{"x":0.299918, "y":-0.0500585, "z":0.199936}
