{"x":0.299909, "y":-0.0500566, "z":0.199923}
