{"x":0.388396, "y":-0.0125389, "z":0.399511}
