{"x":0.483394, "y":0.00701258, "z":0.259905}
