{"x":0.190968, "y":-0.200031, "z":0.201937}
