{"x":0.508191, "y":0.0534031, "z":0.262933}
