{"x":0.284842, "y":0.0278195, "z":0.318018}
