{"x":0.223228 "y":-0.226251 "z":0.281208}
