{"x":0.299914, "y":-0.0500521, "z":0.199926}
