{"x":0.299907, "y":-0.0500502, "z":0.199918}
