{"x":0.508204, "y":0.0534001, "z":0.262951}
