{"x":0.190968, "y":-0.20003, "z":0.201936}
