{"x":0.300004, "y":0.100038, "z":0.299919}
