{"x":0.352451 "y":-0.368339 "z":0.187665}
