{"x":0.188779, "y":-0.212805, "z":0.20019}
