{"x":0.299733, "y":0.0999498, "z":0.299719}
