{"x":0.508184, "y":0.0534668, "z":0.262913}
