{"x":0.352447 "y":-0.368344 "z":0.187665}
