{"x":0.299917, "y":-0.0500603, "z":0.199934}
