{"x":0.299857, "y":3.81349e-05, "z":0.199942}
