{"x":0.505946, "y":0.0441385, "z":0.262912}
