{"x":0.352449 "y":-0.368341 "z":0.187663}
