{"x":0.508166, "y":0.0534197, "z":0.262843}
