{"x":0.265931, "y":-0.08017, "z":0.256813}
