{"x":0.352441 "y":-0.368348 "z":0.187663}
