{"x":0.213597 "y":-0.221375 "z":0.257859}
