{"x":0.388395, "y":-0.0125389, "z":0.399517}
