{"x":0.399858, "y":-0.150022, "z":0.24964}
