{"x":0.382825, "y":-0.133982, "z":0.240846}
