{"x":0.399802, "y":-0.149969, "z":0.24965}
