{"x":0.32911, "y":-0.234996, "z":0.200646}
