{"x":0.508164, "y":0.0534227, "z":0.262839}
