{"x":0.508208, "y":0.0533972, "z":0.262973}
