{"x":0.299854, "y":0.100017, "z":0.299667}
