{"x":0.299902, "y":-0.0500508, "z":0.199915}
