{"x":0.188563, "y":0.097429, "z":0.292496}
