{"x":0.188828, "y":-0.212709, "z":0.200161}
