{"x":0.38723, "y":0.0804016, "z":0.284529}
