{"x":0.28474, "y":0.0278999, "z":0.317935}
