{"x":0.508197, "y":0.0534008, "z":0.262938}
