{"x":0.508191, "y":0.0534043, "z":0.262931}
