{"x":0.369727, "y":-0.119926, "z":0.234786}
