{"x":0.5082, "y":0.0536084, "z":0.263034}
