{"x":0.481519, "y":-0.0266858, "z":0.259782}
