{"x":0.508105, "y":0.0534308, "z":0.262906}
