{"x":0.299909, "y":-0.0500561, "z":0.199921}
