{"x":0.188571, "y":0.0974339, "z":0.292489}
