{"x":0.508103, "y":0.053438, "z":0.262903}
