{"x":0.352438 "y":-0.368352 "z":0.187662}
