{"x":0.35833, "y":0.0869566, "z":0.289626}
