{"x":0.388395, "y":-0.0125387, "z":0.399512}
