{"x":0.274465, "y":-0.0251489, "z":0.212188}
