{"x":0.5082, "y":0.053399, "z":0.262943}
