{"x":0.352439 "y":-0.368355 "z":0.187665}
