{"x":0.508193, "y":0.053393, "z":0.262944}
