{"x":0.508164, "y":0.0534194, "z":0.262839}
