{"x":0.490985, "y":-0.0031932, "z":0.26095}
