{"x":0.352444 "y":-0.368346 "z":0.187663}
