{"x":0.416643, "y":-0.175278, "z":0.103706}
