{"x":0.388396, "y":-0.0125484, "z":0.399512}
