{"x":0.275857, "y":-0.00346837, "z":0.289377}
