{"x":0.352446 "y":-0.368344 "z":0.187664}
