{"x":0.492585, "y":-0.164622, "z":0.249804}
