{"x":0.18867, "y":-0.212584, "z":0.199981}
