{"x":0.237859, "y":-0.0661538, "z":0.27089}
