{"x":0.365557 "y":-0.371026 "z":0.12937}
