{"x":0.221447, "y":0.189503, "z":0.204138}
