{"x":0.299887, "y":-0.0500495, "z":0.199899}
