{"x":0.508185, "y":0.053419, "z":0.262868}
