{"x":0.305576, "y":0.0987124, "z":0.299018}
