{"x":0.299903, "y":-0.0500549, "z":0.199915}
