{"x":0.508186, "y":0.053424, "z":0.262879}
