{"x":0.299891, "y":-0.0500491, "z":0.199902}
