{"x":0.29975, "y":-1.55224e-05, "z":0.299594}
