{"x":0.383358, "y":-0.133424, "z":0.24156}
