{"x":0.508186, "y":0.0533938, "z":0.262917}
