{"x":0.329109, "y":-0.234993, "z":0.200643}
