{"x":0.299911, "y":-0.0500538, "z":0.199923}
