{"x":0.111113 "y":-0.296788 "z":0.339677}
