{"x":0.508199, "y":0.0534011, "z":0.262942}
