{"x":0.32911, "y":-0.234997, "z":0.200648}
