{"x":0.399855, "y":-0.150022, "z":0.249638}
