{"x":0.325398, "y":-0.0372057, "z":0.207609}
