{"x":0.190969, "y":-0.200031, "z":0.201939}
