{"x":0.188676, "y":-0.212574, "z":0.19998}
