{"x":0.399856, "y":-0.150018, "z":0.249637}
