{"x":0.508251, "y":0.0534111, "z":0.263084}
