{"x":0.415035 "y":-0.422428 "z":0.185066}
