{"x":0.299903, "y":-0.0500525, "z":0.199913}
