{"x":0.352445 "y":-0.368346 "z":0.187665}
