{"x":0.352449 "y":-0.368342 "z":0.187665}
