{"x":0.299908, "y":-0.0500539, "z":0.199922}
