{"x":0.299753, "y":-2.17439e-05, "z":0.29961}
