{"x":0.508197, "y":0.0533963, "z":0.262941}
