{"x":0.310488, "y":-0.108361, "z":0.154226}
