{"x":0.399691, "y":-0.149912, "z":0.249596}
