{"x":0.299977, "y":-0.0981719, "z":0.216068}
