{"x":0.269723, "y":0.02952, "z":0.301084}
