{"x":0.508183, "y":0.053403, "z":0.262914}
