{"x":0.237858, "y":-0.0661537, "z":0.270887}
