{"x":0.416641, "y":-0.175272, "z":0.103704}
