{"x":0.299861, "y":3.53148e-05, "z":0.199945}
