{"x":0.299909, "y":-0.0500575, "z":0.199923}
