{"x":0.312594, "y":-0.101517, "z":0.159692}
