{"x":0.416653, "y":-0.175282, "z":0.103715}
