{"x":0.508094, "y":0.0533817, "z":0.262923}
