{"x":0.508201, "y":0.0534021, "z":0.262944}
