{"x":0.195059, "y":-0.182652, "z":0.20548}
