{"x":0.241251, "y":-0.122855, "z":0.324982}
