{"x":0.508075, "y":0.0535551, "z":0.262894}
