{"x":0.299908, "y":-0.0500513, "z":0.199921}
