{"x":0.299853, "y":3.58669e-05, "z":0.199938}
