{"x":0.394426, "y":-0.144435, "z":0.247062}
