{"x":0.2435, "y":-0.0814512, "z":0.257354}
