{"x":0.508203, "y":0.0533929, "z":0.262948}
