{"x":0.496759, "y":0.0480234, "z":0.259479}
