{"x":0.508151, "y":0.0534084, "z":0.26285}
