{"x":0.399894, "y":-0.149925, "z":0.249788}
