{"x":0.299631, "y":-0.0914107, "z":0.213521}
