{"x":0.35244 "y":-0.368353 "z":0.187663}
