{"x":0.508185, "y":0.0534, "z":0.262916}
