{"x":0.299651, "y":0.0999463, "z":0.299617}
