{"x":0.299889, "y":-0.0500485, "z":0.199901}
