{"x":0.399802, "y":-0.149967, "z":0.249646}
