{"x":0.366499, "y":0.0850834, "z":0.288149}
