{"x":0.388393, "y":-0.0125478, "z":0.399511}
