{"x":0.299877, "y":-0.0499486, "z":0.199924}
