{"x":0.299853, "y":0.100019, "z":0.299667}
