{"x":0.299862, "y":3.35442e-05, "z":0.199946}
