{"x":0.310487, "y":-0.108363, "z":0.154226}
