{"x":0.399789, "y":-0.149957, "z":0.249618}
