{"x":0.188565, "y":0.0974286, "z":0.292498}
