{"x":0.35957, "y":-0.109683, "z":0.229693}
