{"x":0.190966, "y":-0.200031, "z":0.201935}
