{"x":0.508188, "y":0.0534213, "z":0.262881}
