{"x":0.508102, "y":0.0534325, "z":0.262921}
