{"x":0.380128, "y":0.0826392, "z":0.178384}
