{"x":0.352448 "y":-0.368339 "z":0.18766}
