{"x":0.352451 "y":-0.368344 "z":0.187669}
