{"x":0.299888, "y":-0.0500488, "z":0.199899}
