{"x":0.284842, "y":0.0278864, "z":0.31803}
