{"x":0.504921, "y":0.0403331, "z":0.262708}
