{"x":0.399858, "y":-0.150019, "z":0.249639}
