{"x":0.508158, "y":0.0536224, "z":0.262929}
