{"x":0.188563, "y":0.0974296, "z":0.292498}
