{"x":0.399692, "y":-0.149913, "z":0.249597}
