{"x":0.352435 "y":-0.368354 "z":0.187662}
