{"x":0.299889, "y":-0.0500506, "z":0.199902}
