{"x":0.190027, "y":-0.194643, "z":0.201535}
