{"x":0.480821, "y":-0.0282002, "z":0.259651}
