{"x":0.508196, "y":0.0533996, "z":0.262917}
