{"x":0.312592, "y":-0.101518, "z":0.15969}
