{"x":0.329107, "y":-0.234993, "z":0.200641}
