{"x":0.29974, "y":0.0999529, "z":0.299728}
