{"x":0.449234 "y":-0.250811 "z":0.206427}
