{"x":0.508167, "y":0.0534217, "z":0.262881}
