{"x":0.352441 "y":-0.368349 "z":0.187662}
