{"x":0.508184, "y":0.0533969, "z":0.262914}
