{"x":0.415037 "y":-0.422426 "z":0.185066}
