{"x":0.508196, "y":0.0533985, "z":0.26294}
