{"x":0.111111 "y":-0.296789 "z":0.339676}
