{"x":0.508104, "y":0.0534328, "z":0.262904}
