{"x":0.305901, "y":0.0219813, "z":0.236469}
