{"x":0.299747, "y":-1.67679e-05, "z":0.299592}
