{"x":0.312589, "y":-0.101518, "z":0.159688}
