{"x":0.399856, "y":-0.150025, "z":0.249639}
