{"x":0.274463, "y":-0.0251475, "z":0.212186}
