{"x":0.275857, "y":-0.00346898, "z":0.289378}
