{"x":0.299853, "y":3.64923e-05, "z":0.199938}
