{"x":0.508108, "y":0.0534381, "z":0.26291}
