{"x":0.508197, "y":0.0534012, "z":0.262937}
