{"x":0.299748, "y":-1.74346e-05, "z":0.299591}
