{"x":0.492602 "y":-0.164624 "z":0.249873}
