{"x":0.350012, "y":0.0500233, "z":0.249976}
