{"x":0.360481, "y":0.100844, "z":0.237309}
