{"x":0.299732, "y":0.0999473, "z":0.299718}
