{"x":0.416645, "y":-0.175264, "z":0.103705}
