{"x":0.32832, "y":-0.233298, "z":0.194481}
