{"x":0.300014, "y":0.100019, "z":0.299973}
