{"x":0.299909, "y":-0.050057, "z":0.199922}
