{"x":0.352449 "y":-0.36834 "z":0.187663}
