{"x":0.505335, "y":0.0505236, "z":0.261866}
