{"x":0.352425 "y":-0.368359 "z":0.187656}
