{"x":0.508199, "y":0.0534006, "z":0.262939}
