{"x":0.299751, "y":0.0999441, "z":0.299745}
