{"x":0.299855, "y":3.9315e-05, "z":0.19994}
