{"x":0.352432 "y":-0.368351 "z":0.187653}
