{"x":0.369728, "y":-0.119924, "z":0.234787}
