{"x":0.405458, "y":-0.380234, "z":0.254471}
