{"x":0.386109, "y":-0.136224, "z":0.24292}
