{"x":0.508199, "y":0.0533985, "z":0.26294}
