{"x":0.385649, "y":0.0807829, "z":0.284828}
