{"x":0.508195, "y":0.0533974, "z":0.262936}
