{"x":0.188563, "y":0.0974308, "z":0.292499}
