{"x":0.299857, "y":0.100017, "z":0.29967}
