{"x":0.299948, "y":-0.0499833, "z":0.199922}
