{"x":0.349603, "y":0.0498854, "z":0.249631}
