{"x":0.508155, "y":0.0534123, "z":0.262858}
