{"x":0.388396, "y":-0.0125345, "z":0.399518}
