{"x":0.508154, "y":0.0534119, "z":0.262855}
