{"x":0.508199, "y":0.0536084, "z":0.263032}
