{"x":0.299906, "y":-0.0500513, "z":0.199918}
