{"x":0.382817, "y":-0.134009, "z":0.240848}
