{"x":0.5082, "y":0.0533974, "z":0.262941}
