{"x":0.388393, "y":-0.0125356, "z":0.399513}
