{"x":0.284751, "y":0.0279005, "z":0.317953}
