{"x":0.41665, "y":-0.175283, "z":0.103714}
