{"x":0.335277, "y":-0.00540221, "z":0.234221}
