{"x":0.299863, "y":3.56208e-05, "z":0.199948}
