{"x":0.188565, "y":0.097429, "z":0.2925}
