{"x":0.352455 "y":-0.368334 "z":0.187664}
