{"x":0.349752, "y":0.0500267, "z":0.249794}
