{"x":0.299634, "y":-0.091407, "z":0.21352}
