{"x":0.329108, "y":-0.234997, "z":0.200645}
