{"x":0.508209, "y":0.0534426, "z":0.263014}
