{"x":0.352448 "y":-0.368338 "z":0.187662}
