{"x":0.190025, "y":-0.194641, "z":0.201533}
