{"x":0.492605, "y":-0.164623, "z":0.24985}
