{"x":0.299907, "y":-0.0500489, "z":0.19992}
