{"x":0.498348, "y":0.0179778, "z":0.261919}
