{"x":0.274672, "y":-0.0252435, "z":0.212589}
