{"x":0.382816, "y":-0.134007, "z":0.240848}
