{"x":0.28474, "y":0.0278995, "z":0.317936}
