{"x":0.299868, "y":-0.049998, "z":0.199936}
