{"x":0.299899, "y":-0.0500528, "z":0.199911}
