{"x":0.299903, "y":-0.05005, "z":0.199914}
