{"x":0.508154, "y":0.053407, "z":0.262855}
