{"x":0.508203, "y":0.0534008, "z":0.26295}
