{"x":0.508203, "y":0.0534018, "z":0.262952}
