{"x":0.508156, "y":0.0534124, "z":0.262859}
