{"x":0.50824, "y":0.0534581, "z":0.263141}
