{"x":0.437218, "y":0.0692349, "z":0.275548}
