{"x":0.388394, "y":-0.0125352, "z":0.399515}
