{"x":0.508194, "y":0.0533967, "z":0.262931}
