{"x":0.299862, "y":3.51423e-05, "z":0.199946}
