{"x":0.431099, "y":0.103177, "z":0.177241}
