{"x":0.188564, "y":0.0974273, "z":0.292497}
