{"x":0.508097, "y":0.0533793, "z":0.262927}
