{"x":0.388393, "y":-0.0125408, "z":0.39951}
