{"x":0.508101, "y":0.0534339, "z":0.2629}
