{"x":0.275859, "y":-0.00346774, "z":0.289381}
