{"x":0.299867, "y":-0.0499446, "z":0.199915}
