{"x":0.300002, "y":0.100046, "z":0.299932}
