{"x":0.508197, "y":0.0534028, "z":0.262936}
