{"x":0.449232 "y":-0.250814 "z":0.206425}
