{"x":0.352449 "y":-0.368337 "z":0.187661}
