{"x":0.35244 "y":-0.368351 "z":0.187662}
