{"x":0.508202, "y":0.0533986, "z":0.262949}
