{"x":0.508215, "y":0.0534517, "z":0.263006}
