{"x":0.299868, "y":-0.0499434, "z":0.199916}
