{"x":0.317552, "y":-0.0652205, "z":0.182067}
