{"x":0.392248, "y":-0.142291, "z":0.245918}
