{"x":0.399785, "y":-0.149961, "z":0.249617}
