{"x":0.5083, "y":0.053514, "z":0.263092}
