{"x":0.508164, "y":0.0534215, "z":0.262837}
