{"x":0.498017, "y":0.0555962, "z":0.264558}
