{"x":0.420464, "y":-0.00507828, "z":0.16165}
