{"x":0.299891, "y":-0.0500071, "z":0.199975}
