{"x":0.349762, "y":0.0500452, "z":0.249818}
