{"x":0.508187, "y":0.0533909, "z":0.262917}
