{"x":0.350007, "y":0.050008, "z":0.24998}
