{"x":0.5081, "y":0.0533767, "z":0.262931}
