{"x":0.415038 "y":-0.42243 "z":0.185071}
