{"x":0.399788, "y":-0.149963, "z":0.249621}
