{"x":0.319898, "y":-0.00991144, "z":0.219936}
