{"x":0.508171, "y":0.0534129, "z":0.262886}
