{"x":0.299638, "y":-0.0560022, "z":0.201685}
