{"x":0.508325, "y":0.0534786, "z":0.263123}
