{"x":0.399792, "y":-0.149978, "z":0.249623}
