{"x":0.223865 "y":-0.196377 "z":0.267118}
