{"x":0.284729, "y":0.0278037, "z":0.317826}
