{"x":0.188564, "y":0.097428, "z":0.292499}
