{"x":0.512509, "y":0.0440519, "z":0.248056}
