{"x":0.284844, "y":0.0278193, "z":0.31802}
