{"x":0.399693, "y":-0.149914, "z":0.249601}
