{"x":0.274463, "y":-0.0251495, "z":0.212186}
