{"x":0.405031, "y":0.0023979, "z":0.231693}
