{"x":0.299863, "y":3.49734e-05, "z":0.199947}
