{"x":0.41664, "y":-0.175277, "z":0.103705}
