{"x":0.523653, "y":0.0444372, "z":0.266006}
