{"x":0.388395, "y":-0.0125351, "z":0.399514}
