{"x":0.33041, "y":0.0108188, "z":0.23031}
