{"x":0.399771, "y":-0.149949, "z":0.249591}
