{"x":0.306337, "y":0.0994987, "z":0.300875}
