{"x":0.508165, "y":0.0534102, "z":0.262873}
