{"x":0.508093, "y":0.0533849, "z":0.262922}
