{"x":0.299855, "y":3.66245e-05, "z":0.199939}
