{"x":0.416621, "y":-0.175334, "z":0.103698}
