{"x":0.508206, "y":0.0533955, "z":0.262952}
