{"x":0.349668, "y":0.0499591, "z":0.249678}
