{"x":0.508186, "y":0.0534028, "z":0.262918}
