{"x":0.32143, "y":-0.262648, "z":0.223229}
