{"x":0.508407, "y":0.0535179, "z":0.263395}
