{"x":0.299859, "y":3.75944e-05, "z":0.199943}
