{"x":0.508104, "y":0.0534361, "z":0.262905}
