{"x":0.299967, "y":-0.0499603, "z":0.199999}
