{"x":0.299856, "y":3.61626e-05, "z":0.19994}
