{"x":0.111126 "y":-0.296783 "z":0.339725}
