{"x":0.284737, "y":0.0278949, "z":0.317926}
