{"x":0.239789, "y":-0.0667957, "z":0.27708}
