{"x":0.299902, "y":-0.0500525, "z":0.199913}
