{"x":0.284737, "y":0.0278941, "z":0.317926}
