{"x":0.188565, "y":0.0974305, "z":0.292502}
