{"x":0.190021, "y":-0.194641, "z":0.20153}
