{"x":0.299909, "y":-0.0500564, "z":0.199922}
