{"x":0.299859, "y":3.72214e-05, "z":0.199944}
