{"x":0.299908, "y":-0.0500558, "z":0.199921}
