{"x":0.35245 "y":-0.368336 "z":0.187661}
