{"x":0.188562, "y":0.0974296, "z":0.292497}
