{"x":0.365554 "y":-0.371032 "z":0.129372}
