{"x":0.329556, "y":0.00907957, "z":0.229459}
