{"x":0.223875 "y":-0.196371 "z":0.26712}
