{"x":0.352452 "y":-0.368336 "z":0.187664}
