{"x":0.415036 "y":-0.422429 "z":0.185068}
