{"x":0.399788, "y":-0.149964, "z":0.24962}
