{"x":0.188775, "y":-0.212802, "z":0.200184}
