{"x":0.388394, "y":-0.0125357, "z":0.399513}
