{"x":0.486788, "y":-0.01409, "z":0.260526}
