{"x":0.352445 "y":-0.368341 "z":0.187659}
