{"x":0.188563, "y":0.0974285, "z":0.292495}
