{"x":0.352442 "y":-0.368344 "z":0.187662}
