{"x":0.508198, "y":0.0534013, "z":0.262945}
