{"x":0.23786, "y":-0.0661534, "z":0.270889}
