{"x":0.508183, "y":0.053467, "z":0.262914}
