{"x":0.508195, "y":0.0533941, "z":0.262933}
