{"x":0.508198, "y":0.0533877, "z":0.262936}
