{"x":0.508224, "y":0.0535672, "z":0.263178}
