{"x":0.352438 "y":-0.368351 "z":0.187662}
