{"x":0.508196, "y":0.0534017, "z":0.262936}
