{"x":0.404721, "y":0.0764541, "z":0.281323}
