{"x":0.420237, "y":-0.00500641, "z":0.161458}
