{"x":0.276411 "y":-0.272731 "z":0.249232}
