{"x":0.376452, "y":-0.127091, "z":0.237808}
