{"x":0.299886, "y":-0.0500495, "z":0.199897}
