{"x":0.508209, "y":0.0533998, "z":0.262973}
