{"x":0.507193, "y":0.0535528, "z":0.262606}
