{"x":0.29975, "y":-1.44956e-05, "z":0.299594}
