{"x":0.299855, "y":0.100019, "z":0.299669}
