{"x":0.390643, "y":0.0795942, "z":0.283846}
