{"x":0.378263, "y":-0.0109014, "z":0.223605}
