{"x":0.508167, "y":0.0534201, "z":0.262844}
