{"x":0.508097, "y":0.0533779, "z":0.262929}
