{"x":0.508106, "y":0.0534336, "z":0.262906}
