{"x":0.495984, "y":0.0109583, "z":0.261596}
