{"x":0.399855, "y":-0.15002, "z":0.249637}
