{"x":0.479368, "y":-0.0314336, "z":0.259638}
