{"x":0.382948, "y":-0.134254, "z":0.24068}
