{"x":0.399691, "y":-0.149913, "z":0.249595}
