{"x":0.380806, "y":-0.0250891, "z":0.233178}
