{"x":0.352442 "y":-0.368343 "z":0.187656}
