{"x":0.300007, "y":0.100042, "z":0.299916}
