{"x":0.299862, "y":3.36343e-05, "z":0.199947}
