{"x":0.223867 "y":-0.196375 "z":0.267118}
