{"x":0.508185, "y":0.0533906, "z":0.262914}
