{"x":0.30091, "y":0.00557476, "z":0.300567}
