{"x":0.299749, "y":-1.66379e-05, "z":0.299594}
