{"x":0.35243 "y":-0.368306 "z":0.187623}
