{"x":0.223863 "y":-0.196379 "z":0.267118}
