{"x":0.322035, "y":-0.00317834, "z":0.288456}
