{"x":0.508095, "y":0.0533837, "z":0.262922}
