{"x":0.274463, "y":-0.0251487, "z":0.212186}
