{"x":0.349751, "y":0.050028, "z":0.249791}
