{"x":0.415037 "y":-0.422433 "z":0.185075}
