{"x":0.32832, "y":-0.233295, "z":0.194479}
