{"x":0.284827, "y":0.0278649, "z":0.317999}
