{"x":0.415034 "y":-0.422433 "z":0.185071}
