{"x":0.299904, "y":-0.0500492, "z":0.199916}
