{"x":0.508077, "y":0.0536033, "z":0.262959}
