{"x":0.508185, "y":0.0533887, "z":0.262909}
