{"x":0.299902, "y":-0.0500547, "z":0.199914}
