{"x":0.299748, "y":-1.96815e-05, "z":0.299593}
