{"x":0.299917, "y":-0.0500595, "z":0.199934}
