{"x":0.508202, "y":0.0534008, "z":0.26295}
