{"x":0.494269, "y":0.00577777, "z":0.261376}
