{"x":0.328317, "y":-0.233294, "z":0.194477}
