{"x":0.508152, "y":0.0534026, "z":0.26285}
