{"x":0.299862, "y":3.48436e-05, "z":0.199948}
