{"x":0.321426, "y":-0.262647, "z":0.223227}
