{"x":0.30104, "y":0.0990011, "z":0.298909}
