{"x":0.237914, "y":-0.0662182, "z":0.270993}
