{"x":0.299915, "y":0.0999589, "z":0.299883}
