{"x":0.300912, "y":0.00557451, "z":0.30057}
