{"x":0.508188, "y":0.0533978, "z":0.262919}
