{"x":0.392072, "y":-0.081005, "z":0.188381}
