{"x":0.299889, "y":-0.0500499, "z":0.1999}
