{"x":0.399789, "y":-0.149959, "z":0.249618}
