{"x":0.508153, "y":0.053415, "z":0.262853}
