{"x":0.299911, "y":-0.0500518, "z":0.199924}
