{"x":0.508197, "y":0.0533954, "z":0.262942}
