{"x":0.321429, "y":-0.262648, "z":0.223228}
