{"x":0.388392, "y":-0.0125386, "z":0.399508}
