{"x":0.508188, "y":0.0534388, "z":0.262935}
