{"x":0.39979, "y":-0.149961, "z":0.249621}
