{"x":0.190965, "y":-0.200031, "z":0.201934}
