{"x":0.308822, "y":0.0979484, "z":0.298344}
