{"x":0.241252, "y":-0.122856, "z":0.324986}
