{"x":0.299903, "y":-0.0500511, "z":0.199913}
