{"x":0.328317, "y":-0.233299, "z":0.194481}
