{"x":0.291378, "y":0.100703, "z":0.309248}
