{"x":0.328002 "y":-0.215302 "z":0.251639}
