{"x":0.299947, "y":-0.0499676, "z":0.199925}
