{"x":0.284751, "y":0.0279011, "z":0.317954}
