{"x":0.399854, "y":-0.150021, "z":0.249637}
