{"x":0.416651, "y":-0.175285, "z":0.103715}
