{"x":0.399787, "y":-0.149962, "z":0.24962}
