{"x":0.352437 "y":-0.368351 "z":0.18766}
