{"x":0.492606 "y":-0.164617 "z":0.249853}
