{"x":0.318597, "y":0.0813028, "z":0.281299}
