{"x":0.299886, "y":-0.0500481, "z":0.199897}
