{"x":0.300009, "y":-0.050094, "z":0.199986}
