{"x":0.332119, "y":0.0653321, "z":0.267704}
