{"x":0.508187, "y":0.0533999, "z":0.262918}
