{"x":0.189875, "y":-0.194996, "z":0.201379}
