{"x":0.405344, "y":-0.380199, "z":0.254316}
