{"x":0.307007, "y":-0.0361595, "z":0.206942}
