{"x":0.303033, "y":0.0965636, "z":0.296188}
