{"x":0.305593, "y":-0.0391589, "z":0.205476}
