{"x":0.188568, "y":0.0974301, "z":0.292504}
