{"x":0.284741, "y":0.0279022, "z":0.317935}
