{"x":0.388394, "y":-0.0125377, "z":0.399514}
