{"x":0.352437 "y":-0.368349 "z":0.187661}
