{"x":0.416645, "y":-0.175273, "z":0.103707}
