{"x":0.369726, "y":-0.119927, "z":0.23479}
