{"x":0.188757, "y":-0.212814, "z":0.200183}
