{"x":0.284549 "y":-0.406453 "z":0.191533}
