{"x":0.312587, "y":-0.101517, "z":0.159686}
