{"x":0.284748, "y":0.0278048, "z":0.317855}
