{"x":0.299904, "y":-0.0500521, "z":0.199915}
