{"x":0.188861, "y":-0.21273, "z":0.200203}
