{"x":0.508171, "y":0.0534171, "z":0.26289}
