{"x":0.508187, "y":0.053395, "z":0.262918}
