{"x":0.508096, "y":0.0533833, "z":0.262925}
