{"x":0.289092, "y":0.0491066, "z":0.31233}
