{"x":0.284547 "y":-0.406455 "z":0.191535}
