{"x":0.508201, "y":0.053402, "z":0.262943}
