{"x":0.299751, "y":0.0999457, "z":0.299746}
