{"x":0.352439 "y":-0.36835 "z":0.187659}
