{"x":0.508296, "y":0.0535691, "z":0.263221}
