{"x":0.237859, "y":-0.066154, "z":0.270889}
