{"x":0.299909, "y":-0.0500562, "z":0.199922}
