{"x":0.188562, "y":0.097428, "z":0.292495}
