{"x":0.382816, "y":-0.134005, "z":0.240845}
