{"x":0.19506, "y":-0.182653, "z":0.205481}
