{"x":0.508203, "y":0.0534003, "z":0.26295}
