{"x":0.508197, "y":0.0533987, "z":0.262938}
