{"x":0.399788, "y":-0.149961, "z":0.249618}
