{"x":0.508053, "y":0.0535974, "z":0.262925}
