{"x":0.388395, "y":-0.0125352, "z":0.399514}
