{"x":0.299855, "y":0.10002, "z":0.299671}
