{"x":0.299911, "y":-0.0500523, "z":0.199924}
