{"x":0.508172, "y":0.0534272, "z":0.262887}
