{"x":0.369724, "y":-0.119922, "z":0.23478}
