{"x":0.335865, "y":-0.0413103, "z":0.216077}
