{"x":0.284848, "y":0.0278147, "z":0.318028}
