{"x":0.300134, "y":0.099843, "z":0.299992}
