{"x":0.508163, "y":0.0534178, "z":0.262837}
