{"x":0.23786, "y":-0.0661547, "z":0.270889}
