{"x":0.508204, "y":0.0533998, "z":0.262953}
