{"x":0.508153, "y":0.0534111, "z":0.262856}
