{"x":0.299876, "y":-0.049987, "z":0.299905}
