{"x":0.274463, "y":-0.0251498, "z":0.212185}
