{"x":0.29975, "y":-1.66099e-05, "z":0.299596}
