{"x":0.399853, "y":-0.150025, "z":0.249636}
