{"x":0.188595, "y":0.0974053, "z":0.292533}
