{"x":0.352441 "y":-0.36835 "z":0.187662}
