{"x":0.352443 "y":-0.368343 "z":0.187661}
