{"x":0.299904, "y":-0.0500542, "z":0.199916}
