{"x":0.188563, "y":0.09743, "z":0.292497}
