{"x":0.299862, "y":3.50679e-05, "z":0.199946}
