{"x":0.508198, "y":0.0533983, "z":0.262941}
