{"x":0.310484, "y":-0.108362, "z":0.154225}
