{"x":0.278343, "y":0.00276031, "z":0.290914}
