{"x":0.42616, "y":0.0716648, "z":0.27748}
