{"x":0.508195, "y":0.053404, "z":0.262935}
