{"x":0.188568, "y":0.0974306, "z":0.292504}
