{"x":0.275855, "y":-0.00346868, "z":0.289377}
