{"x":0.388394, "y":-0.0125434, "z":0.399517}
