{"x":0.508203, "y":0.0533987, "z":0.262949}
