{"x":0.292564, "y":0.0792315, "z":0.375043}
