{"x":0.508054, "y":0.0535984, "z":0.262928}
