{"x":0.50817, "y":0.0534149, "z":0.262886}
