{"x":0.508075, "y":0.0536005, "z":0.262962}
