{"x":0.508101, "y":0.0533834, "z":0.26269}
