{"x":0.311622, "y":-0.0299274, "z":0.326893}
