{"x":0.352445 "y":-0.368344 "z":0.187663}
