{"x":0.237861, "y":-0.0661533, "z":0.270891}
