{"x":0.332906, "y":0.0667927, "z":0.266721}
