{"x":0.352443 "y":-0.368348 "z":0.187664}
