{"x":0.508193, "y":0.0533976, "z":0.26293}
