{"x":0.405689, "y":-0.139273, "z":0.250615}
